sat-epsilon,original-prediction,second-best-prediction
0.5752115825363915,"[4 0 5 3]","[8 2 9 0]"
1.7318455675925715,"[3 5 9 5]","[9 8 3 9]"
0.6768515878258137,"[9 1 2 8]","[2 9 3 3]"
0.35962382823117783,"[1 9 7 8]","[3 2 6 5]"
1.6531672331657363,"[2 3 9 3]","[3 2 2 4]"
0.5863732806592956,"[3 9 9 4]","[0 3 3 3]"
0.5528883219292413,"[2 9 7 6]","[5 3 3 9]"
0.5570676014443835,"[0 4 9 7]","[9 3 3 2]"
0.349475568132691,"[9 4 8 9]","[3 3 3 6]"
0.722154122420657,"[3 4 5 5]","[4 5 9 9]"
0.34598109137415245,"[2 9 8 9]","[3 3 3 3]"
0.5971104188600875,"[1 8 3 9]","[3 3 2 2]"
0.5385588660429311,"[7 4 0 2]","[2 3 3 5]"
0.3632299580102559,"[7 3 0 4]","[9 9 5 5]"
0.682975424340638,"[5 7 3 8]","[8 2 0 3]"
0.5840679519262507,"[4 0 9 2]","[5 4 3 9]"
1.370392674361061,"[2 4 0 3]","[9 3 4 0]"
0.34822680405836093,"[1 3 5 7]","[4 9 9 9]"
0.5943109307438742,"[5 6 6 1]","[8 1 9 4]"
0.37213738068475594,"[5 7 0 6]","[9 2 3 9]"
0.5569418650163794,"[3 3 2 1]","[0 9 3 4]"
0.5652440046024405,"[3 2 2 8]","[9 3 3 3]"
0.541249498223422,"[0 4 1 9]","[2 3 9 3]"
0.6869799283653647,"[9 3 2 7]","[3 0 3 2]"
0.7021499452801836,"[0 9 5 5]","[5 3 9 9]"
0.693007650689891,"[3 1 2 4]","[0 4 0 3]"
0.3392970024018312,"[5 1 2 8]","[9 4 9 4]"
0.7408900716727997,"[3 8 4 3]","[9 3 8 2]"
0.5543591698107353,"[9 0 3 8]","[2 4 9 5]"
0.7248772944045306,"[4 1 5 3]","[5 4 9 4]"
0.3565523072222974,"[7 9 9 6]","[2 3 3 0]"
0.5588169908022833,"[0 9 9 5]","[9 2 2 9]"
0.7132194121633865,"[9 3 6 5]","[3 2 9 9]"
1.6518199683443497,"[3 2 9 8]","[9 0 3 5]"
0.7196161303728154,"[9 6 3 5]","[3 9 4 9]"
0.8524045584819048,"[0 4 3 5]","[3 5 4 9]"
0.5435273926349431,"[3 2 5 8]","[9 9 9 3]"
0.7015939905374727,"[8 0 5 4]","[3 5 8 8]"
0.36658025642455816,"[4 9 0 7]","[8 3 2 3]"
0.5673175998568317,"[4 3 3 5]","[3 2 0 9]"
0.5958441840687163,"[1 1 6 1]","[3 4 1 4]"
1.3412910255581016,"[9 5 2 3]","[2 9 9 4]"
0.515492783015215,"[3 1 5 2]","[9 9 9 5]"
0.3558690603885887,"[1 3 2 8]","[4 9 9 5]"
1.405767036774976,"[9 8 7 2]","[2 5 9 9]"
0.54832478272168,"[9 0 4 1]","[3 3 3 4]"
0.7220054656992456,"[3 8 3 9]","[9 3 2 2]"
1.400778861670798,"[6 5 9 2]","[0 9 5 3]"
0.5227813717707223,"[1 3 8 1]","[4 9 3 9]"
0.561304768512416,"[8 7 8 9]","[3 9 3 2]"
1.6395777904039857,"[9 1 9 3]","[3 9 5 9]"
0.573013509918525,"[9 3 9 3]","[3 2 6 4]"
0.35371840447789904,"[8 9 2 7]","[3 6 3 3]"
1.5478522222631934,"[1 2 3 0]","[4 0 2 3]"
0.7163435347766796,"[9 4 5 8]","[3 5 9 3]"
1.5949382043951699,"[8 5 4 2]","[4 9 8 9]"
1.6853958006508167,"[9 6 3 9]","[3 9 9 2]"
0.5257288268406173,"[5 5 9 4]","[8 9 3 8]"
0.35935178114634325,"[1 7 0 9]","[4 3 2 3]"
0.5539508619361065,"[8 3 1 3]","[3 2 4 0]"
0.5831934383575943,"[4 8 4 8]","[3 3 8 3]"
0.5572843407713078,"[7 9 6 5]","[2 2 9 9]"
0.5630494744509478,"[3 8 2 8]","[0 3 3 3]"
0.5431916120358451,"[7 8 2 4]","[2 3 3 5]"
0.8321931540050082,"[0 6 9 5]","[5 0 3 9]"
0.5793850642217839,"[7 1 7 3]","[2 3 3 4]"
0.35608758062626994,"[2 9 9 4]","[0 3 5 3]"
1.4930321862573024,"[9 3 2 8]","[3 9 5 3]"
0.5815731338802094,"[3 3 2 4]","[2 4 9 8]"
0.6084216260203639,"[3 1 5 1]","[2 4 2 3]"
0.6108038875916822,"[1 3 4 4]","[3 2 3 8]"
0.35962382823117783,"[5 7 1 1]","[9 9 3 4]"
0.34822680405836093,"[7 2 2 2]","[9 9 5 9]"
0.33622049694618494,"[1 8 5 1]","[4 3 2 4]"
0.5806538434122667,"[9 3 0 1]","[6 4 3 4]"
1.659980510500138,"[2 3 9 3]","[0 9 3 2]"
0.5866773874104595,"[6 3 3 6]","[3 0 2 9]"
0.5246959560053072,"[5 3 3 8]","[2 9 9 5]"
0.5820231650850609,"[3 2 3 3]","[2 7 9 0]"
1.750208590910754,"[9 3 3 9]","[3 9 9 2]"
0.527003746319725,"[5 5 0 2]","[2 9 3 7]"
1.7941326046371289,"[3 4 3 1]","[4 3 4 4]"
0.5444367149908539,"[0 7 8 2]","[3 2 3 5]"
0.7015650596561736,"[6 2 9 9]","[9 7 2 3]"
0.3589493485603668,"[8 2 0 7]","[3 9 9 3]"
0.5645704008609936,"[2 3 2 8]","[7 4 9 3]"
0.33773887887544507,"[1 6 5 3]","[4 9 9 9]"
0.5665311362606228,"[1 8 0 9]","[3 3 9 6]"
0.5724447154380079,"[0 6 8 3]","[5 9 3 9]"
0.5882326168391642,"[3 0 5 1]","[2 2 9 3]"
0.5826238281613746,"[9 6 0 2]","[3 9 3 0]"
0.5367494377171517,"[7 9 5 6]","[3 3 9 0]"
0.5735954448001633,"[9 3 6 7]","[3 0 1 2]"
0.5597675083301356,"[6 8 9 1]","[9 3 2 4]"
0.5914075904632432,"[1 2 3 8]","[3 5 0 3]"
0.5599759422011714,"[6 5 7 7]","[9 9 9 6]"
0.5767041518119501,"[3 2 2 0]","[9 9 9 2]"
0.5602904452642273,"[3 9 3 1]","[9 6 9 4]"
0.7037738471209959,"[9 3 3 8]","[2 2 9 3]"
0.5515491849489133,"[7 8 0 3]","[2 3 4 4]"
0.35935178114634325,"[9 8 1 0]","[3 3 3 2]"
0.7281107312709031,"[8 3 6 4]","[3 2 1 8]"
0.7221583462430744,"[3 7 3 0]","[0 3 4 9]"
0.37635595535292476,"[3 4 4 6]","[0 8 8 9]"
0.5618364073126391,"[4 2 3 8]","[3 9 9 3]"
0.3558690603885887,"[1 1 3 5]","[4 4 9 9]"
0.3522098092690551,"[7 1 9 5]","[3 3 3 2]"
0.3519314536464144,"[6 8 8 8]","[9 3 5 3]"
1.645696558206316,"[7 0 3 7]","[3 3 0 6]"
0.35292807396965536,"[2 4 2 5]","[9 3 7 9]"
1.7271265593419993,"[4 3 9 3]","[5 9 3 4]"
0.6012666330948796,"[1 6 5 8]","[3 1 8 3]"
0.5517675370879835,"[3 2 5 7]","[0 9 2 3]"
0.3407349822935488,"[5 7 1 3]","[9 2 4 9]"
0.5724496395462353,"[1 3 3 3]","[3 9 2 9]"
0.3780008002960942,"[4 8 4 4]","[5 3 3 3]"
0.34338805610356576,"[9 1 0 8]","[2 4 3 3]"
0.5897616391391528,"[9 0 4 2]","[3 4 8 3]"
0.5842676524319137,"[7 6 3 1]","[3 9 0 3]"
0.5882711892443667,"[3 4 9 3]","[4 8 2 2]"
0.5750492243708492,"[8 3 1 3]","[3 9 3 9]"
1.6413895343840896,"[1 9 2 7]","[4 5 7 2]"
1.6993418774117781,"[9 9 3 5]","[5 3 9 9]"
0.7304109255785124,"[2 3 8 3]","[7 2 3 4]"
0.592730394653784,"[0 4 5 5]","[4 3 2 9]"
0.6993572059258559,"[2 3 2 9]","[9 4 5 3]"
0.6211914714881427,"[3 1 8 3]","[9 3 3 2]"
1.645651430861611,"[9 8 9 3]","[2 3 3 9]"
0.3535228459122408,"[1 6 6 1]","[4 9 9 9]"
0.5902857211375215,"[2 4 1 2]","[5 3 4 7]"
0.5723005892914449,"[1 3 3 1]","[3 0 4 4]"
1.7058998916108654,"[9 3 1 6]","[3 9 3 3]"
0.7926284582749794,"[9 5 3 2]","[2 9 0 3]"
0.7376718438815603,"[3 1 9 4]","[9 3 2 3]"
0.5647196003064173,"[9 5 2 0]","[3 9 3 2]"
0.7110317400726621,"[0 3 6 7]","[2 0 9 3]"
0.5599759422011714,"[6 5 8 7]","[9 9 4 6]"
0.37635595535292476,"[4 5 1 0]","[8 9 3 9]"
1.475853653243563,"[9 3 5 9]","[5 2 9 3]"
1.3926199510170985,"[8 9 3 5]","[3 5 4 9]"
0.37213738068475594,"[1 8 8 0]","[9 3 3 3]"
0.5497088937540711,"[0 2 3 9]","[5 3 4 5]"
1.6083354008412907,"[3 6 2 8]","[2 9 3 3]"
0.5835889155311964,"[4 7 9 3]","[8 9 6 9]"
0.3558690603885887,"[9 2 1 8]","[5 3 4 3]"
0.5511038716580092,"[7 5 0 6]","[3 8 5 9]"
1.7271255019696539,"[3 9 6 3]","[9 3 9 0]"
0.5726581563039997,"[3 0 8 8]","[9 3 5 3]"
1.727125501969654,"[9 7 3 9]","[3 2 9 5]"
1.4711096943671833,"[3 2 9 2]","[2 7 2 9]"
1.44301745477492,"[6 9 5 3]","[9 5 9 0]"
1.6384529003440813,"[0 2 2 1]","[2 3 0 4]"
0.3560409031048307,"[6 2 3 0]","[9 9 4 5]"
0.5717276271403765,"[0 8 4 9]","[2 3 8 3]"
0.35292807396965536,"[2 1 2 2]","[3 4 7 9]"
0.8465094824104621,"[3 4 9 5]","[2 5 3 9]"
0.7671550316577129,"[3 4 0 9]","[9 3 3 5]"
0.5340490515445772,"[4 6 5 2]","[3 9 2 0]"
0.342634892206433,"[3 8 7 3]","[9 5 6 4]"
0.7450299551481698,"[8 4 3 9]","[3 3 9 6]"
0.5596037591292996,"[8 8 3 8]","[3 3 0 3]"
0.37635595535292476,"[9 4 4 0]","[5 8 5 2]"
0.5649464673944448,"[3 8 8 3]","[2 3 5 9]"
0.3780008002960942,"[8 4 0 7]","[5 3 9 2]"
0.8342125245346314,"[3 9 2 8]","[9 2 0 3]"
0.5877761506687713,"[9 3 6 2]","[3 4 3 3]"
0.5596011084181978,"[1 1 4 9]","[3 4 3 2]"
0.5649464673944448,"[9 7 3 8]","[6 2 2 3]"
0.3519314536464144,"[2 5 8 6]","[3 9 3 9]"
0.5815864024015188,"[2 4 8 8]","[0 8 3 3]"
0.5719712786073684,"[2 9 0 4]","[3 3 2 3]"
0.5350544549626696,"[1 8 3 3]","[9 3 4 0]"
0.7061304120717503,"[9 8 0 2]","[3 3 2 9]"
0.7262942622464428,"[9 3 4 3]","[2 9 3 9]"
0.5259910058278924,"[5 8 5 9]","[9 3 9 2]"
0.7393921066222828,"[9 2 1 3]","[3 5 3 2]"
1.4943624712681753,"[5 2 6 9]","[2 9 9 2]"
0.5438849089296164,"[5 1 6 9]","[9 4 9 3]"
0.5614704644924109,"[9 7 6 9]","[3 2 9 2]"
0.3560409031048307,"[3 9 3 0]","[4 2 2 5]"
0.36658025642455816,"[0 5 4 1]","[2 9 8 3]"
0.730884589279955,"[1 3 0 3]","[3 9 2 0]"
0.3605174048593909,"[1 5 6 3]","[4 9 9 2]"
0.33439111920579917,"[8 6 8 5]","[3 9 3 9]"
0.5790184757090137,"[2 1 5 4]","[7 4 8 8]"
0.3519314536464144,"[6 2 3 8]","[9 9 9 4]"
1.521141657570931,"[7 3 1 2]","[3 2 4 7]"
0.712541158152423,"[8 3 6 9]","[3 0 9 3]"
0.5446639656662489,"[9 1 3 5]","[6 4 0 9]"
0.6933357824371955,"[5 5 9 3]","[9 9 3 4]"
0.36658025642455816,"[9 1 7 4]","[3 3 3 8]"
0.5686596432935077,"[1 3 7 3]","[4 4 3 2]"
0.6200992258016461,"[1 3 8 3]","[3 2 3 0]"
1.6395777904039857,"[9 0 3 8]","[3 2 9 3]"
0.5730088133202004,"[0 9 0 2]","[4 5 9 9]"
1.6772941473235972,"[0 4 3 9]","[3 8 0 3]"
1.5034836648702299,"[2 3 4 9]","[9 2 3 3]"
0.7207438230957666,"[6 4 1 6]","[9 3 4 1]"
0.5531753601143756,"[8 4 7 9]","[5 3 9 2]"
1.699162555519388,"[3 9 9 0]","[0 3 3 3]"
0.7154205742090065,"[5 4 9 8]","[9 5 2 3]"
1.522016030759545,"[9 6 5 1]","[6 9 9 3]"
0.3407349822935488,"[1 9 7 5]","[4 2 2 2]"
0.5771894975133571,"[6 9 3 5]","[9 2 9 9]"
0.5648076618176823,"[5 9 9 6]","[9 2 2 9]"
0.5738776350950198,"[0 8 1 3]","[3 4 4 2]"
0.5629700717708176,"[2 8 0 3]","[3 3 5 4]"
0.5945789702659642,"[8 3 4 5]","[3 2 3 9]"
1.5160599551721894,"[6 2 2 9]","[9 3 5 6]"
0.5992804594182645,"[0 3 4 6]","[3 9 3 9]"
1.5712887654206535,"[9 5 3 2]","[3 9 9 9]"
0.563093503611113,"[3 2 9 9]","[4 0 3 2]"
0.5421089439338024,"[5 8 4 2]","[9 3 5 9]"
0.3605174048593909,"[7 6 3 1]","[2 9 9 4]"
0.3565523072222974,"[9 5 9 6]","[3 2 2 0]"
0.35935178114634325,"[0 9 9 0]","[2 2 3 3]"
0.3756711027240391,"[1 7 0 7]","[3 3 4 3]"
0.5516710584676683,"[1 9 3 8]","[4 5 2 3]"
0.5467662692967797,"[0 2 1 3]","[3 9 4 9]"
1.5980393663654064,"[3 0 8 9]","[9 3 3 3]"
0.3780008002960942,"[0 1 4 4]","[5 3 3 3]"
0.5756268388080316,"[6 4 0 6]","[9 3 4 9]"
0.6832739706074245,"[5 3 5 8]","[8 0 9 3]"
0.5963965809233271,"[6 3 9 3]","[3 2 3 2]"
0.517378903073511,"[2 9 0 1]","[9 5 4 4]"
0.550039394521244,"[9 3 3 8]","[2 9 4 5]"
0.5600190829824538,"[2 6 4 3]","[5 9 8 2]"
0.5576966758140164,"[5 4 0 0]","[9 3 5 2]"
0.3756711027240391,"[3 8 6 0]","[2 4 9 4]"
1.6287371129168273,"[3 9 8 9]","[9 3 4 3]"
0.5715290598788725,"[8 4 9 7]","[5 5 3 9]"
0.523412549859969,"[0 6 2 5]","[3 3 5 8]"
0.5627465981167531,"[8 6 9 8]","[3 9 5 3]"
0.5858400106659679,"[7 3 3 4]","[3 0 2 8]"
0.5494689698163577,"[9 8 0 1]","[3 3 9 4]"
0.5665311362606228,"[0 7 7 9]","[9 2 3 6]"
0.3780008002960942,"[8 4 0 6]","[3 3 3 9]"
0.36658025642455816,"[6 3 4 3]","[9 9 8 0]"
0.6002745878108587,"[1 3 4 0]","[4 4 5 5]"
0.5937765816110212,"[3 2 1 2]","[0 9 3 3]"
0.5828651114020013,"[0 9 9 0]","[9 5 3 5]"
0.5410327638719353,"[5 2 4 2]","[9 7 5 3]"
0.722959976153774,"[1 3 7 4]","[4 2 6 3]"
0.5506023144751495,"[9 2 4 8]","[6 9 3 3]"
0.3457318150989242,"[9 7 7 8]","[2 2 2 5]"
0.5832912634548582,"[6 7 0 3]","[0 3 2 9]"
0.5396411681588478,"[8 2 9 6]","[3 3 2 1]"
0.37213738068475594,"[0 1 2 1]","[3 4 3 3]"
0.574942241753393,"[6 2 7 4]","[9 7 9 3]"
0.3535228459122408,"[6 6 2 5]","[9 9 9 9]"
0.6883544627583128,"[4 6 2 9]","[8 9 3 2]"
1.405767036774976,"[3 6 2 9]","[9 9 9 2]"
0.6665871779281438,"[8 5 5 3]","[3 2 8 0]"
0.3756711027240391,"[7 5 6 0]","[3 9 9 4]"
0.5369379664507908,"[9 2 0 0]","[2 5 4 3]"
0.597815001205533,"[9 0 3 1]","[5 9 9 4]"
0.3729886590997908,"[2 2 2 6]","[0 5 3 1]"
0.5828934673511043,"[2 3 3 4]","[7 9 4 5]"
0.5614704644924109,"[9 2 9 6]","[3 7 3 9]"
0.5725530190447807,"[8 6 4 1]","[3 0 8 9]"
0.5825924807625422,"[8 9 3 6]","[3 2 0 3]"
0.5343202946926163,"[6 4 5 9]","[1 3 9 3]"
0.7128239285793949,"[9 3 4 8]","[2 9 3 5]"
0.37807373955592166,"[1 3 3 3]","[4 4 2 9]"
0.542960515543532,"[1 8 3 7]","[4 3 9 2]"
0.5765465094156578,"[8 9 7 4]","[3 5 2 8]"
0.565233864213838,"[3 5 4 4]","[2 9 3 8]"
0.5719712786073684,"[0 0 2 7]","[3 2 3 6]"
0.546264982807815,"[2 8 8 9]","[9 3 3 5]"
0.5770105995910622,"[2 2 9 3]","[7 9 6 9]"
0.5889263279049131,"[3 8 8 4]","[9 3 3 3]"
0.7282991521745507,"[3 2 4 9]","[9 5 3 5]"
0.722797679217497,"[7 8 2 3]","[9 3 5 2]"
0.682258725725573,"[5 3 8 9]","[9 9 5 2]"
0.5850835867975192,"[9 8 1 3]","[2 3 3 0]"
0.5476896402091906,"[6 1 9 8]","[9 4 2 3]"
0.34440218542373474,"[3 5 5 6]","[0 2 9 9]"
0.6936767314041781,"[2 7 3 4]","[3 2 0 5]"
0.3632299580102559,"[7 4 3 3]","[2 5 9 9]"
0.5541361566364502,"[9 6 8 1]","[2 9 3 4]"
0.3558690603885887,"[3 5 5 1]","[0 9 9 4]"
0.34267810265979903,"[8 3 3 3]","[4 9 9 4]"
0.5587665581480592,"[3 9 3 3]","[0 2 9 2]"
0.7222445864965691,"[9 3 1 5]","[3 4 9 8]"
0.7163997732607011,"[9 3 3 8]","[2 0 9 3]"
0.5188400115725645,"[3 4 7 7]","[0 8 2 3]"
0.5528571167155067,"[8 9 2 6]","[3 5 3 9]"
0.3432188938381233,"[3 1 2 7]","[4 4 9 6]"
0.7504371365750766,"[4 3 2 1]","[8 2 7 3]"
1.4384609745250314,"[9 2 3 5]","[2 5 0 9]"
0.35996031290923025,"[5 5 7 0]","[9 8 6 2]"
0.3558690603885887,"[7 7 1 6]","[2 2 4 9]"
0.6775838448299125,"[9 5 5 2]","[2 9 9 3]"
0.5819984960693193,"[8 3 2 7]","[3 4 5 3]"
0.3505603873479646,"[5 3 5 3]","[2 2 2 9]"
0.6917168398351057,"[7 3 5 9]","[2 4 9 3]"
0.3632299580102559,"[4 7 2 6]","[5 9 9 3]"
0.7258829071072456,"[7 4 3 9]","[3 5 9 6]"
0.36506806281441956,"[3 0 4 5]","[9 2 8 9]"
0.3780008002960942,"[5 0 7 4]","[9 3 2 3]"
1.4459517744103578,"[5 5 9 9]","[9 8 5 2]"
1.5220160307595447,"[6 1 4 9]","[9 9 5 6]"
0.34822680405836093,"[7 1 3 3]","[9 4 0 0]"
0.37213738068475594,"[9 9 0 1]","[3 3 3 4]"
0.5423318372367186,"[1 9 9 5]","[3 2 3 9]"
1.6531672331657363,"[3 6 3 2]","[9 9 2 3]"
0.5721301316550911,"[5 8 1 3]","[9 4 3 4]"
0.8203448123569148,"[8 3 5 0]","[3 0 9 5]"
0.3455132118959566,"[3 9 9 1]","[2 2 2 4]"
0.33045443614121217,"[8 8 2 8]","[3 3 5 3]"
0.5574169536354413,"[1 8 0 4]","[9 4 2 3]"
0.5570540740892244,"[7 5 0 3]","[3 9 4 9]"
0.5359427786098812,"[8 9 4 1]","[5 2 3 9]"
0.529145451441712,"[5 7 8 4]","[9 9 5 3]"
0.5417357784215495,"[2 1 8 4]","[5 4 5 3]"
0.5795764481614312,"[6 3 5 1]","[1 0 2 4]"
0.5528482305558432,"[1 9 6 6]","[4 2 9 9]"
0.36506806281441956,"[4 5 3 5]","[8 9 2 8]"
0.5511038716580092,"[5 9 0 0]","[8 3 2 5]"
0.6531867424171194,"[3 2 4 5]","[9 3 8 2]"
0.3756711027240391,"[9 9 9 0]","[2 2 3 4]"
0.37213738068475594,"[4 0 8 6]","[3 3 5 9]"
0.570071993225459,"[9 9 5 3]","[2 6 9 9]"
0.5103907823031016,"[8 7 4 5]","[3 3 3 8]"
0.565736403726426,"[5 4 2 1]","[9 3 5 4]"
0.3729886590997908,"[4 5 8 6]","[3 9 3 1]"
0.7439691947690088,"[8 3 8 9]","[3 9 3 5]"
0.7263038993878721,"[8 3 4 0]","[3 9 8 2]"
0.5746020270107105,"[9 3 5 8]","[2 4 9 3]"
0.5723716973158058,"[3 1 0 0]","[4 4 3 2]"
0.5745383470753035,"[3 2 8 2]","[4 3 3 5]"
0.5385588660429311,"[3 7 2 3]","[9 2 5 9]"
0.7162430222468593,"[8 9 3 1]","[3 2 9 9]"
0.5949137959016774,"[3 7 0 3]","[9 3 3 9]"
0.7273066008171223,"[3 7 8 9]","[0 9 3 3]"
0.3729886590997908,"[2 9 2 6]","[3 3 7 1]"
0.37807373955592166,"[3 3 7 3]","[9 2 2 9]"
1.4198678649099732,"[5 6 5 2]","[2 9 9 5]"
0.5625508885879018,"[6 8 8 4]","[9 5 3 8]"
0.516526629690821,"[2 5 3 3]","[9 2 9 9]"
0.5642523522513272,"[8 4 7 2]","[3 8 9 3]"
0.5477340445201293,"[5 4 0 3]","[2 3 9 9]"
0.5837208572276322,"[0 7 3 5]","[3 3 9 9]"
0.578316034644463,"[9 3 0 8]","[3 2 4 3]"
0.3589493485603668,"[8 4 0 6]","[3 3 9 9]"
0.35445398810823003,"[4 9 0 9]","[3 3 3 3]"
0.5432322823691568,"[5 3 4 7]","[9 9 3 2]"
0.5701859947041144,"[1 7 2 2]","[3 3 5 7]"
0.5890558998052491,"[8 8 8 4]","[3 3 3 8]"
0.558791955652092,"[9 6 2 8]","[3 9 0 3]"
0.8443687919462586,"[9 6 3 0]","[3 9 0 4]"
0.5789559167513488,"[9 0 9 2]","[5 2 2 3]"
0.5841420214515727,"[8 3 3 8]","[3 9 2 3]"
0.5763828869088149,"[7 4 6 1]","[3 5 9 4]"
0.34679985064472946,"[0 5 5 1]","[3 9 8 4]"
1.4930321862573024,"[3 6 9 3]","[0 3 3 9]"
1.4255733071202463,"[5 2 9 3]","[9 7 5 9]"
1.5814839776284242,"[7 4 2 8]","[2 8 3 4]"
0.35935178114634325,"[9 8 8 0]","[3 3 3 2]"
0.55170201236058,"[9 9 2 4]","[3 3 9 5]"
0.5856157571153138,"[3 3 1 4]","[4 0 4 8]"
0.5536176985642838,"[6 8 9 0]","[9 3 2 5]"
0.5517981245861399,"[2 3 2 4]","[0 0 3 8]"
0.540086031666886,"[3 3 6 8]","[0 0 9 3]"
0.3780008002960942,"[4 7 2 8]","[3 6 5 3]"
1.659980510500138,"[9 8 3 0]","[3 3 9 5]"
0.5479152361165784,"[3 7 8 1]","[9 2 3 4]"
1.5949382043951699,"[4 8 5 8]","[8 3 2 4]"
0.5386759614759997,"[5 8 0 1]","[2 3 5 4]"
0.5493705255691741,"[4 9 3 5]","[3 2 0 9]"
0.5724447154380079,"[0 0 3 8]","[2 2 9 3]"
0.7254022799527727,"[7 9 9 6]","[9 2 6 3]"
0.3756711027240391,"[0 5 8 0]","[4 9 3 3]"
0.5597861798764361,"[3 0 8 3]","[4 9 3 4]"
0.5831947266510913,"[2 1 1 4]","[5 4 4 3]"
0.7182130644492477,"[1 3 8 9]","[9 9 3 6]"
1.7566464342969392,"[9 5 3 7]","[3 9 9 2]"
0.5719957566278921,"[9 5 8 4]","[2 8 3 8]"
0.35935178114634325,"[5 7 1 0]","[9 6 9 2]"
0.571283835101225,"[0 3 6 0]","[2 9 9 3]"
0.5888977072869449,"[3 1 8 5]","[2 9 3 9]"
0.35033177493367285,"[9 8 9 5]","[3 3 3 2]"
0.5354326881171542,"[2 5 0 8]","[5 9 3 3]"
0.5618145394130661,"[2 7 8 8]","[0 2 3 3]"
0.5615150617011342,"[3 8 8 9]","[0 3 3 6]"
0.34267810265979903,"[3 3 1 2]","[4 9 9 5]"
0.7275158328862911,"[1 9 3 2]","[4 3 2 5]"
0.35935178114634325,"[8 0 7 1]","[3 2 2 4]"
0.5734166829116274,"[0 6 6 3]","[5 9 3 9]"
0.558211805260027,"[8 1 9 7]","[3 4 3 9]"
0.5462089130856241,"[3 3 2 2]","[4 9 9 3]"
1.5143029035259492,"[7 3 8 4]","[6 4 4 3]"
0.7188974075301614,"[8 0 2 7]","[3 3 0 2]"
0.35445398810823003,"[9 8 5 4]","[2 3 2 3]"
0.7154213269500623,"[1 4 5 3]","[4 3 9 2]"
0.5767808683211931,"[3 9 3 0]","[4 3 2 2]"
1.699162555519388,"[0 3 7 8]","[3 0 6 3]"
0.3519314536464144,"[5 7 5 6]","[2 9 8 9]"
0.5637910322746353,"[3 8 3 6]","[9 3 0 9]"
0.3565523072222974,"[6 8 8 9]","[0 3 3 2]"
0.7248750640604538,"[5 3 8 0]","[9 0 3 2]"
0.5922864602354672,"[1 5 8 3]","[3 9 3 9]"
0.3412811897157431,"[7 7 5 2]","[6 3 9 9]"
0.5564241189342469,"[8 5 3 1]","[3 2 2 4]"
0.5573898718161813,"[0 6 4 6]","[9 9 8 0]"
0.571676763366176,"[9 7 3 5]","[3 2 4 8]"
0.520586627554123,"[9 5 9 9]","[3 8 2 5]"
0.5859308573928159,"[9 4 2 3]","[3 3 3 0]"
0.3589493485603668,"[0 6 6 3]","[9 9 9 2]"
0.3780008002960942,"[7 9 4 4]","[2 6 3 8]"
0.7517132603047157,"[1 6 6 3]","[3 1 9 9]"
0.5569418650163794,"[2 3 4 2]","[5 0 8 3]"
0.35996031290923025,"[9 0 1 8]","[3 2 4 3]"
0.5708472323116601,"[3 1 1 6]","[9 4 3 0]"
0.515492783015215,"[3 1 2 5]","[9 9 5 9]"
1.467323552087409,"[9 1 2 8]","[2 9 9 3]"
1.6059159546956985,"[9 4 3 3]","[3 3 9 2]"
0.7255728887083585,"[3 3 0 1]","[0 4 2 3]"
0.6989413118471478,"[4 5 3 1]","[3 9 0 4]"
0.557555346352584,"[4 4 1 9]","[8 3 9 3]"
0.5745491512649235,"[3 4 3 3]","[9 8 4 9]"
0.5570802963302051,"[4 9 7 3]","[8 3 2 2]"
0.3589493485603668,"[1 3 5 0]","[4 9 9 9]"
0.3780008002960942,"[9 7 4 9]","[3 3 3 3]"
0.5748480378023627,"[3 8 5 7]","[2 3 2 2]"
0.8410646291926347,"[4 3 9 0]","[3 9 2 4]"
0.5342367963563248,"[9 0 7 3]","[2 5 2 9]"
0.5598817256382219,"[9 9 1 6]","[2 3 3 9]"
0.5458149092810995,"[4 5 2 4]","[8 9 5 5]"
0.35636263063964907,"[9 7 9 9]","[3 3 5 3]"
0.37635595535292476,"[0 3 3 4]","[2 9 9 8]"
1.6216327761638198,"[2 3 0 0]","[9 0 5 3]"
0.36658025642455816,"[9 0 4 7]","[2 3 8 3]"
1.511690593235905,"[9 5 4 2]","[2 2 3 9]"
0.6855644780898037,"[6 5 3 9]","[9 8 0 3]"
0.6134132818278482,"[3 1 3 8]","[2 3 4 3]"
0.5605563011491673,"[5 4 2 9]","[9 8 9 3]"
0.5623407834875497,"[8 7 3 2]","[3 6 9 3]"
0.5606264200233135,"[3 7 9 0]","[0 2 5 2]"
0.5755750766714292,"[6 3 3 1]","[1 4 2 4]"
0.5641807914526838,"[3 2 6 5]","[2 9 9 8]"
0.595943772783588,"[9 4 3 0]","[3 8 2 3]"
0.7532136712551895,"[7 3 4 1]","[2 4 8 3]"
1.5365389882274978,"[9 3 2 4]","[3 9 7 8]"
1.6384529003440813,"[8 2 3 0]","[3 0 4 2]"
0.351184632898948,"[6 5 5 0]","[3 9 2 3]"
0.6941435547652546,"[5 4 3 2]","[2 3 9 3]"
0.3440072315941015,"[2 8 2 1]","[9 3 0 4]"
0.3451230492594442,"[7 7 3 7]","[2 6 0 2]"
0.5887707137356688,"[8 1 3 7]","[3 3 2 2]"
1.5116905932359046,"[7 9 1 2]","[2 2 3 9]"
0.5256700999925928,"[2 8 5 7]","[9 3 2 9]"
0.7425993568512769,"[8 3 9 2]","[3 2 6 7]"
1.699078101830237,"[4 3 2 9]","[3 9 5 3]"
0.5854568481223632,"[4 4 3 1]","[8 5 2 4]"
1.4245894795707514,"[9 1 2 8]","[2 3 9 3]"
0.3455132118959566,"[1 3 5 3]","[4 2 9 0]"
0.3558690603885887,"[1 1 7 5]","[4 9 3 9]"
0.5347598058125748,"[7 9 3 3]","[2 2 9 0]"
0.728136161473434,"[9 3 7 4]","[2 9 3 3]"
0.5438456446867873,"[2 7 6 7]","[3 2 1 2]"
0.7156442484577635,"[3 1 4 2]","[9 4 3 5]"
0.5345900375583233,"[9 5 9 6]","[3 9 3 3]"
0.5697297479938297,"[3 9 6 3]","[9 2 9 9]"
0.5746020270107105,"[7 8 3 8]","[9 3 4 3]"
0.7178156224950093,"[0 3 3 2]","[2 0 4 7]"
0.5399393720311149,"[4 6 8 4]","[3 9 3 8]"
0.5664554535762943,"[3 8 9 8]","[4 3 2 3]"
0.37635595535292476,"[2 4 3 3]","[0 8 9 0]"
1.699078101830237,"[9 1 8 3]","[3 4 5 9]"
0.599274327359521,"[4 1 1 3]","[8 3 9 2]"
0.33439111920579917,"[1 8 2 8]","[4 3 5 3]"
0.34267810265979903,"[3 3 3 7]","[4 4 0 2]"
1.5861108482209245,"[8 3 9 4]","[3 9 3 3]"
0.35608758062626994,"[8 9 7 9]","[3 3 3 5]"
0.5396264557703119,"[5 3 9 3]","[9 0 2 9]"
1.4255733071202463,"[9 5 2 2]","[5 9 0 9]"
0.34598109137415245,"[9 8 4 7]","[3 3 3 2]"
0.5808044978463582,"[0 3 9 7]","[2 2 3 3]"
0.35445398810823003,"[8 4 9 2]","[5 3 6 5]"
0.35608758062626994,"[8 4 9 9]","[3 3 5 3]"
0.5617870902868708,"[3 3 4 9]","[9 9 8 2]"
0.5716617145133219,"[8 0 7 4]","[3 5 2 8]"
1.5712887654206535,"[3 4 1 9]","[9 8 4 3]"
1.6347710757202798,"[3 3 1 2]","[2 0 9 3]"
1.6853958006508167,"[9 3 3 1]","[3 9 0 4]"
1.5807968586557237,"[7 3 3 9]","[3 0 9 3]"
0.3371051972866007,"[8 1 8 7]","[5 9 3 6]"
0.5866773874104595,"[3 3 6 3]","[2 9 3 9]"
0.5887218604315296,"[7 4 5 3]","[3 3 9 2]"
0.5624354522291479,"[8 2 3 2]","[3 9 9 5]"
0.5854271502998271,"[3 4 3 8]","[2 3 0 3]"
0.349475568132691,"[8 0 8 9]","[3 3 3 2]"
0.3654082142960168,"[1 5 3 3]","[4 2 9 0]"
0.5410890524443024,"[9 9 5 3]","[5 6 2 4]"
0.5517892427802088,"[4 7 3 9]","[3 6 0 2]"
0.5781720870391683,"[2 3 5 3]","[0 9 9 2]"
0.3535228459122408,"[6 8 2 7]","[9 3 5 9]"
0.550039394521244,"[9 3 3 0]","[2 9 4 2]"
0.5559232543148055,"[4 4 2 0]","[3 3 5 2]"
0.34338805610356576,"[1 2 0 5]","[9 9 3 8]"
0.5518194002927616,"[4 7 5 1]","[3 2 9 4]"
0.5396411681588478,"[7 9 7 2]","[3 2 6 3]"
0.3558690603885887,"[1 8 8 6]","[4 3 3 9]"
0.5701119996990611,"[1 4 6 5]","[4 3 9 2]"
1.699162555519388,"[0 2 3 8]","[3 3 0 4]"
0.5648905440420765,"[2 4 5 3]","[3 3 8 0]"
0.5684048686177223,"[6 8 4 8]","[3 3 8 3]"
0.5742971764448501,"[3 0 1 5]","[0 4 4 9]"
0.702945934551418,"[7 9 5 4]","[2 2 9 5]"
1.4077553872769535,"[0 9 9 5]","[2 5 3 9]"
0.34267810265979903,"[1 3 1 3]","[4 9 9 4]"
0.5882326168391642,"[3 3 1 5]","[2 4 3 2]"
0.5231071619095767,"[9 6 5 9]","[2 1 9 3]"
0.5576966758140163,"[0 0 8 5]","[2 5 4 9]"
0.722399388340038,"[5 1 4 9]","[2 4 5 6]"
0.7178320082668401,"[3 0 9 8]","[9 5 2 3]"
0.743703102496413,"[3 8 3 9]","[9 3 9 2]"
1.6800021905315734,"[0 3 8 0]","[2 0 3 3]"
0.5767041518119501,"[8 7 2 0]","[3 9 9 2]"
1.616855064481819,"[3 4 0 9]","[9 3 3 3]"
1.4035271054425937,"[2 9 9 9]","[9 3 6 2]"
1.4673227067545285,"[2 0 1 9]","[9 5 3 2]"
0.5787935072007074,"[5 3 6 9]","[2 2 3 2]"
0.5759332198024107,"[6 9 3 4]","[0 3 0 3]"
0.5149129774627281,"[5 2 7 8]","[9 5 3 3]"
0.5320088820586383,"[4 9 5 7]","[3 3 9 2]"
0.756439155263648,"[1 2 4 3]","[3 0 3 2]"
0.3519314536464144,"[6 2 4 5]","[9 9 3 9]"
0.5873423304820798,"[3 5 0 9]","[9 9 9 2]"
0.3411868917309449,"[3 7 1 1]","[9 6 4 4]"
0.5924878234485881,"[7 6 3 8]","[2 3 4 3]"
1.5070414161281713,"[9 3 0 9]","[2 9 9 3]"
0.5831947266510913,"[2 1 4 6]","[9 4 3 3]"
0.7034653221376334,"[8 9 0 3]","[3 2 3 9]"
0.5709054825260517,"[7 9 0 0]","[9 3 3 2]"
0.5502587735337168,"[2 4 3 3]","[5 3 0 9]"
0.34629780466495996,"[2 7 1 0]","[9 3 4 3]"
0.839758998751514,"[9 3 7 2]","[2 9 3 0]"
0.5286695716983444,"[2 3 5 8]","[9 9 2 3]"
1.6772941473235963,"[3 4 0 1]","[0 3 3 4]"
0.5755584836937772,"[3 3 9 3]","[9 9 5 0]"
0.35962382823117783,"[9 1 0 9]","[2 3 3 3]"
0.5586673574258803,"[3 4 7 5]","[9 5 2 9]"
0.5660008395987979,"[9 0 9 9]","[3 9 2 5]"
0.5594875838202702,"[4 6 9 7]","[3 0 6 3]"
0.5745223894750217,"[0 8 4 1]","[2 5 5 4]"
0.5888977072869449,"[1 3 8 1]","[4 2 3 4]"
0.5752115825363915,"[3 9 3 0]","[0 6 9 2]"
0.36506806281441956,"[7 0 4 9]","[3 3 8 3]"
0.5635603713006087,"[4 7 5 4]","[5 9 8 8]"
0.7477720952724679,"[0 8 7 3]","[2 3 3 0]"
0.5752115825363915,"[5 3 0 4]","[9 0 2 8]"
1.5577670071598728,"[9 8 2 6]","[6 3 5 9]"
0.36658025642455816,"[4 2 7 7]","[8 5 3 3]"
0.7057432977595788,"[3 8 7 9]","[9 3 2 2]"
0.3565523072222974,"[6 7 6 6]","[0 3 9 9]"
0.3560409031048307,"[4 0 8 8]","[3 5 3 3]"
0.5448309491210502,"[8 2 9 9]","[3 7 3 2]"
1.3773117742883978,"[5 8 9 8]","[8 5 6 3]"
0.35608758062626994,"[8 0 9 1]","[5 3 5 4]"
0.7429915853752909,"[1 4 9 3]","[3 8 2 4]"
0.36506806281441956,"[3 5 4 3]","[9 9 8 9]"
0.34338805610356576,"[2 0 1 7]","[9 3 9 6]"
0.7432086354371288,"[6 1 4 9]","[1 4 3 3]"
0.7132654371944063,"[9 3 5 8]","[2 9 9 3]"
1.3926199510170987,"[9 1 5 9]","[5 4 9 6]"
0.5618145394130661,"[6 3 2 7]","[9 9 0 2]"
0.506423488605925,"[6 4 9 5]","[1 8 2 9]"
0.36272051568175145,"[3 3 3 3]","[2 9 2 0]"
0.7241697355990478,"[3 8 4 4]","[0 3 8 3]"
0.5837384940502975,"[6 4 4 0]","[9 8 3 4]"
0.3565523072222974,"[9 6 8 8]","[3 0 3 3]"
0.7327292731013819,"[2 2 3 4]","[9 5 2 3]"
0.5621006604678466,"[3 9 9 0]","[2 3 6 4]"
0.7043859654787904,"[3 3 8 2]","[2 9 3 9]"
0.3535228459122408,"[3 2 6 6]","[9 9 9 9]"
0.349475568132691,"[2 8 2 5]","[9 3 0 9]"
1.4468640244219202,"[2 6 9 9]","[9 0 2 2]"
1.7283436909548846,"[3 2 3 3]","[2 3 2 4]"
1.4126662597279214,"[4 2 7 9]","[3 9 3 2]"
1.4618900039819993,"[2 9 4 3]","[9 2 3 2]"
1.7271255019696539,"[2 3 9 8]","[9 9 3 3]"
0.5321915518376772,"[9 5 7 8]","[2 9 2 3]"
0.5626591022828914,"[9 8 4 7]","[3 3 3 9]"
0.3756711027240391,"[0 6 0 0]","[3 3 4 2]"
0.35445398810823003,"[7 1 6 4]","[3 9 9 3]"
1.6269416590650907,"[3 2 3 7]","[2 3 9 3]"
0.5673557872026777,"[3 3 5 8]","[9 0 9 3]"
1.331481913843036,"[9 2 8 5]","[2 9 3 9]"
0.5662828434172185,"[8 8 3 9]","[3 3 0 2]"
0.5328489289098165,"[0 2 5 8]","[3 5 9 3]"
0.37807373955592166,"[6 3 3 8]","[1 0 2 4]"
0.5578878252457407,"[3 4 7 4]","[0 5 2 3]"
0.35935178114634325,"[7 8 5 0]","[2 3 9 2]"
0.55131123052208,"[3 3 8 5]","[9 9 3 9]"
0.5745491512649235,"[6 3 4 3]","[9 4 8 2]"
0.37213738068475594,"[0 9 0 4]","[3 5 3 3]"
0.5755802969109317,"[3 3 0 6]","[4 2 3 9]"
0.5740735735183711,"[9 9 8 3]","[3 5 3 4]"
0.5720674690630342,"[8 4 3 8]","[3 3 9 3]"
1.7244334874911607,"[7 2 0 3]","[2 3 5 2]"
0.5765465094156578,"[8 6 4 8]","[3 9 8 3]"
0.5520676500665572,"[1 6 9 4]","[3 9 5 3]"
0.5820283498073137,"[1 2 3 2]","[3 3 9 9]"
0.5590047475619621,"[5 3 6 8]","[2 9 1 3]"
0.3407349822935488,"[5 6 7 5]","[9 9 2 9]"
0.5775433033520294,"[9 9 8 3]","[6 3 3 0]"
0.3522098092690551,"[1 5 7 1]","[4 9 2 3]"
0.5637174447578505,"[3 4 5 0]","[2 3 9 5]"
0.5689568466457245,"[3 8 2 6]","[9 3 9 9]"
0.37213738068475594,"[0 2 0 0]","[9 3 5 3]"
1.3773117742883978,"[8 9 0 5]","[5 2 3 8]"
0.3632299580102559,"[4 9 7 9]","[5 2 2 3]"
0.5571430798116249,"[3 8 7 5]","[0 3 2 9]"
0.37635595535292476,"[4 3 4 6]","[8 9 5 9]"
0.5665165896945951,"[4 8 0 4]","[3 3 5 8]"
0.5571225249575246,"[5 4 1 1]","[9 3 4 4]"
0.5348773850568365,"[0 7 9 5]","[2 3 3 9]"
0.5150398105862707,"[9 5 1 8]","[3 8 4 3]"
0.5723716973158058,"[3 0 1 7]","[4 3 4 2]"
0.5722807815152832,"[3 8 3 2]","[9 4 2 0]"
0.35996031290923025,"[0 1 5 9]","[2 4 2 2]"
0.5299577349484905,"[6 2 1 5]","[3 9 4 2]"
0.5493751691642377,"[3 4 1 4]","[0 3 9 3]"
0.35996031290923025,"[0 7 8 8]","[2 3 3 3]"
0.5510426488808723,"[8 9 6 9]","[3 3 9 2]"
1.4364485802282894,"[9 5 1 2]","[2 2 4 5]"
1.3779278773671044,"[0 9 2 7]","[5 2 9 6]"
0.694279968122957,"[5 0 0 2]","[2 5 4 3]"
1.6347710757202798,"[3 2 9 9]","[2 3 3 2]"
0.5192003808449346,"[7 3 8 5]","[6 0 5 9]"
0.3451885706606417,"[8 5 9 8]","[3 2 2 3]"
0.7242947379247832,"[8 3 8 4]","[3 9 3 8]"
0.7333540720233437,"[3 2 8 8]","[2 9 3 3]"
0.5698229029747212,"[7 3 8 9]","[6 0 3 3]"
0.3565523072222974,"[6 9 3 3]","[0 2 4 2]"
0.35962382823117783,"[2 5 0 1]","[3 9 3 3]"
0.5639195653956042,"[8 3 3 3]","[3 0 9 9]"
0.7051617095459922,"[4 1 9 3]","[8 9 3 0]"
0.35962382823117783,"[8 8 1 1]","[3 3 3 4]"
1.3833137880924413,"[0 5 9 3]","[9 9 5 4]"
0.7808974406883032,"[6 0 1 4]","[1 3 4 8]"
0.37807373955592166,"[8 3 3 0]","[4 2 9 2]"
0.7460158464954233,"[3 9 0 4]","[4 3 4 8]"
1.610030580388891,"[9 3 9 1]","[3 9 2 4]"
0.5737002169528201,"[2 4 0 9]","[3 8 2 5]"
0.3535228459122408,"[2 6 1 7]","[9 9 9 9]"
0.7443969274819863,"[3 8 8 0]","[0 3 3 5]"
0.6012666330948796,"[1 4 5 6]","[3 3 2 1]"
0.37635595535292476,"[9 4 2 9]","[3 8 5 6]"
0.5381715131428911,"[9 8 3 8]","[2 4 4 3]"
0.35962382823117783,"[5 1 4 8]","[9 3 3 3]"
0.35371840447789904,"[7 2 8 1]","[3 5 3 4]"
0.5670594308850544,"[1 0 1 3]","[4 2 3 9]"
0.7200387018953149,"[8 3 2 0]","[3 2 9 2]"
0.592129492221722,"[3 1 7 6]","[4 3 3 9]"
0.3565523072222974,"[8 2 6 5]","[3 9 0 9]"
1.4840846847977394,"[9 8 2 3]","[2 3 3 9]"
0.5628857304844845,"[8 9 0 6]","[3 2 3 9]"
0.3729886590997908,"[3 3 2 6]","[9 9 9 1]"
0.7357817616873803,"[9 3 1 4]","[2 2 4 3]"
0.3780008002960942,"[5 4 7 4]","[2 3 2 3]"
0.5793672979881734,"[5 3 1 3]","[9 9 3 0]"
0.349475568132691,"[2 8 8 9]","[3 4 3 3]"
0.5493100739030772,"[7 7 5 2]","[2 3 9 0]"
1.7289734982612677,"[3 9 1 9]","[9 3 4 3]"
0.591257659961985,"[6 2 3 8]","[3 0 4 3]"
0.3756711027240391,"[0 5 1 8]","[4 2 4 3]"
1.6531672331657363,"[4 2 3 6]","[3 3 2 0]"
0.5594056722821565,"[5 0 3 8]","[2 2 9 3]"
0.34679985064472946,"[0 8 6 8]","[3 3 9 3]"
0.5336347658426238,"[9 8 9 5]","[3 3 3 8]"
0.5720645464616364,"[9 3 9 6]","[3 2 2 1]"
0.5724976422792897,"[1 3 6 3]","[3 2 9 4]"
0.5624653406660072,"[3 5 3 8]","[0 9 4 3]"
0.5603563288254326,"[3 7 1 2]","[0 3 4 9]"
0.36658025642455816,"[9 4 9 0]","[2 8 5 3]"
0.5745148336479292,"[8 4 3 3]","[3 3 0 9]"
0.595181704158254,"[3 4 2 0]","[9 8 9 3]"
1.596203784514103,"[9 2 9 3]","[3 3 3 9]"
0.534821360663708,"[7 5 9 1]","[2 9 2 9]"
1.4198678649099732,"[5 3 2 2]","[2 9 9 5]"
0.33868317610675064,"[8 9 2 8]","[3 3 3 3]"
0.5599759422011714,"[6 7 8 2]","[9 6 3 9]"
0.7217444756617832,"[1 6 0 9]","[9 1 3 3]"
0.5901502232151765,"[1 4 8 8]","[4 3 4 3]"
0.5648076618176823,"[5 9 3 6]","[9 2 4 9]"
0.5467199055448201,"[9 1 2 4]","[2 3 3 3]"
0.6912513853180131,"[8 5 9 6]","[5 9 2 9]"
0.5686369683356564,"[3 7 4 6]","[0 3 3 9]"
0.5654201158100426,"[9 1 7 4]","[2 4 3 3]"
0.37635595535292476,"[3 7 4 4]","[2 2 8 8]"
0.5818148838806393,"[9 6 9 3]","[2 0 5 9]"
0.5563022501975073,"[5 2 0 0]","[9 5 9 5]"
0.3780008002960942,"[8 6 8 4]","[3 1 3 3]"
0.6907272275526648,"[3 9 2 7]","[0 2 7 6]"
0.5928954624425128,"[0 9 7 6]","[3 2 3 0]"
0.5857485330359345,"[5 3 6 7]","[9 0 3 3]"
0.7233624021713789,"[3 9 6 3]","[0 3 9 2]"
0.7283755569643691,"[8 1 8 4]","[3 4 3 8]"
0.722742797862455,"[4 3 8 3]","[8 9 3 9]"
0.6704954104221936,"[3 5 3 8]","[9 8 4 3]"
0.35371840447789904,"[1 7 1 5]","[3 3 4 9]"
1.6857262477417583,"[9 3 3 2]","[2 2 2 3]"
0.5888110000864876,"[8 3 8 1]","[3 2 5 3]"
0.5765645251093333,"[3 9 1 3]","[9 5 4 2]"
0.6025928766587331,"[3 8 5 0]","[2 3 9 3]"
0.6013900531051481,"[3 9 4 0]","[4 2 8 2]"
0.34679985064472946,"[7 0 8 9]","[2 3 4 2]"
0.5879976050000323,"[4 1 9 4]","[3 4 2 8]"
0.3729886590997908,"[4 2 4 6]","[8 9 3 1]"
0.5897616391391528,"[4 7 0 6]","[8 6 4 3]"
1.3988876369370455,"[3 9 5 3]","[9 5 9 4]"
0.5924392032769434,"[1 0 3 1]","[4 3 2 9]"
0.5662518758157316,"[5 7 3 4]","[9 6 2 3]"
0.5992252269802032,"[7 5 2 3]","[2 2 9 2]"
0.5735954448001633,"[3 9 3 9]","[0 3 0 2]"
0.35033177493367285,"[9 8 9 8]","[3 3 3 3]"
1.5632824805443064,"[3 6 3 4]","[2 9 4 3]"
1.7058998916108654,"[3 3 7 9]","[9 0 9 3]"
1.6724014025082077,"[3 9 9 3]","[9 3 2 4]"
0.3780008002960942,"[7 4 8 6]","[2 3 3 9]"
0.34822680405836093,"[3 3 7 2]","[9 9 9 9]"
0.3391848425496776,"[5 2 5 7]","[9 3 9 6]"
1.6003862778096811,"[9 3 9 3]","[6 9 3 9]"
1.5854982754014346,"[3 0 8 9]","[9 2 3 3]"
0.5717134300034376,"[3 7 9 3]","[4 2 3 4]"
0.5669917787177807,"[9 3 3 0]","[2 9 9 2]"
0.3729886590997908,"[0 9 6 3]","[5 5 1 4]"
1.616855064481819,"[3 9 3 5]","[9 3 2 9]"
0.7353351123291854,"[3 0 7 4]","[0 9 6 3]"
0.3407349822935488,"[1 7 3 7]","[4 2 0 2]"
0.5773260109355592,"[8 4 4 4]","[3 3 8 3]"
0.7033507769785871,"[3 7 7 2]","[9 3 3 7]"
0.35935178114634325,"[6 0 4 8]","[9 2 3 3]"
1.3217397623707805,"[3 5 9 2]","[9 9 2 5]"
0.5381715131428911,"[3 8 7 3]","[4 3 9 9]"
0.351184632898948,"[9 8 1 6]","[2 3 4 3]"
0.5797314319813661,"[1 1 8 3]","[3 4 3 9]"
0.5857203453003691,"[8 9 3 5]","[3 6 2 9]"
0.3780008002960942,"[9 7 4 5]","[2 2 3 2]"
1.5920137072554836,"[3 0 9 1]","[9 3 3 4]"
1.3773117742883978,"[9 5 2 8]","[6 8 9 5]"
1.4874940508863834,"[9 9 5 5]","[2 5 9 9]"
0.3565523072222974,"[1 3 6 3]","[4 9 0 9]"
0.3565523072222974,"[7 6 1 1]","[3 0 4 3]"
0.35935178114634325,"[8 3 0 3]","[5 4 2 9]"
0.5744930259732475,"[6 1 2 9]","[9 4 9 3]"
1.5807968586557237,"[9 3 3 8]","[3 0 9 3]"
0.36506806281441956,"[4 7 9 5]","[8 2 6 2]"
0.35962382823117783,"[1 0 5 5]","[3 3 9 9]"
0.565716888977117,"[1 8 3 8]","[4 3 9 3]"
0.5518174163124304,"[7 3 8 1]","[6 9 3 4]"
0.5708472323116602,"[7 0 3 1]","[2 2 9 3]"
0.7360133204880702,"[0 8 4 3]","[2 3 8 9]"
0.3473630002962109,"[8 4 4 9]","[5 3 3 2]"
0.714288882559579,"[9 4 5 8]","[2 5 9 3]"
0.5535010743024525,"[3 6 8 7]","[4 1 3 2]"
0.5597993607895768,"[8 9 2 3]","[3 2 5 4]"
0.6803596418072637,"[3 2 7 6]","[9 3 2 9]"
0.5886015929706002,"[1 2 6 3]","[3 3 9 0]"
0.3756711027240391,"[7 0 0 0]","[6 4 3 5]"
0.5596037591292996,"[7 8 3 2]","[2 3 0 5]"
0.351184632898948,"[0 9 6 8]","[3 2 3 3]"
1.788430964317687,"[3 8 2 4]","[4 3 3 3]"
0.36506806281441956,"[4 6 4 3]","[5 9 8 2]"
0.5490627084746382,"[1 6 8 3]","[9 9 3 2]"
1.5070414161281713,"[1 8 9 3]","[4 5 3 9]"
0.349475568132691,"[5 5 8 0]","[9 2 3 3]"
0.36506806281441956,"[4 1 2 3]","[8 9 5 9]"
0.3605174048593909,"[6 6 5 3]","[9 9 9 4]"
0.5441957720296958,"[2 9 4 4]","[9 3 8 3]"
0.5717446579530922,"[3 9 8 1]","[4 3 3 4]"
1.5220160307595447,"[6 1 3 9]","[9 4 9 6]"
0.37213738068475594,"[9 0 4 8]","[2 3 3 3]"
0.3565523072222974,"[8 2 6 6]","[3 9 0 9]"
0.5534118110696683,"[7 5 8 3]","[2 9 3 9]"
0.7268147373141988,"[8 1 4 0]","[5 4 8 9]"
0.5579501583022204,"[3 3 0 2]","[9 9 3 7]"
0.5832242950177734,"[1 1 8 4]","[3 4 3 3]"
0.3392970024018312,"[8 2 6 8]","[4 5 9 3]"
0.7096026626690045,"[3 7 6 0]","[0 3 9 4]"
0.3632299580102559,"[7 4 4 7]","[2 5 3 6]"
0.3756711027240391,"[0 0 3 5]","[4 9 9 8]"
0.5648903931302546,"[1 3 3 9]","[4 0 2 3]"
1.6309447625635816,"[3 9 3 3]","[9 3 9 2]"
0.56014402052688,"[8 4 6 3]","[5 8 9 0]"
0.5831678669175305,"[0 9 9 9]","[9 2 3 3]"
0.5297505354667725,"[8 8 2 5]","[3 3 5 9]"
1.5160023715167923,"[3 2 8 3]","[4 3 3 2]"
0.610391475423709,"[0 9 3 1]","[3 2 2 3]"
0.5808010134483031,"[2 8 3 6]","[5 3 9 3]"
0.515962517365914,"[0 8 2 5]","[4 3 9 8]"
0.7012603015329328,"[8 4 5 3]","[5 8 9 9]"
0.35996031290923025,"[4 0 4 5]","[3 2 3 9]"
0.3414072064034218,"[5 3 5 3]","[9 0 2 9]"
0.3558690603885887,"[2 3 1 7]","[5 9 4 9]"
0.5670792637264261,"[3 1 7 6]","[9 4 6 9]"
1.5497540711049544,"[8 3 5 4]","[4 2 8 5]"
0.3519314536464144,"[6 8 5 8]","[9 3 9 4]"
1.645696558206316,"[2 3 3 0]","[0 0 4 3]"
0.349475568132691,"[8 9 8 9]","[5 2 3 2]"
0.5580532329299293,"[8 3 8 7]","[3 0 3 2]"
1.6484675992480722,"[8 2 3 9]","[3 9 9 3]"
0.5478785896883765,"[4 5 7 3]","[3 9 9 9]"
0.36506806281441956,"[4 6 6 0]","[8 9 9 3]"
0.5726833853719855,"[3 6 1 3]","[0 3 4 4]"
0.5782280270899188,"[1 6 0 8]","[4 0 4 3]"
0.5721301316550911,"[2 1 3 1]","[5 4 4 3]"
0.35935178114634325,"[7 1 9 0]","[3 4 6 2]"
0.5717276271403766,"[8 2 4 2]","[3 5 8 9]"
0.5491027654618985,"[9 1 2 2]","[3 3 9 9]"
0.564224935885997,"[9 9 9 6]","[3 2 2 9]"
0.35636263063964907,"[9 0 8 8]","[3 3 3 3]"
0.8156776457085279,"[4 2 3 5]","[3 5 2 9]"
1.6216327761638198,"[0 4 3 3]","[3 3 0 9]"
0.5645704008609936,"[2 8 3 1]","[5 3 4 4]"
1.6800021905315734,"[1 3 3 0]","[4 4 0 3]"
1.5989313497911564,"[8 9 3 9]","[3 2 9 3]"
0.7048345664783529,"[1 3 7 4]","[4 0 2 3]"
0.577334964882885,"[3 4 3 6]","[9 3 2 9]"
0.566155992144261,"[3 3 9 9]","[0 2 3 5]"
0.5755750766714292,"[1 9 6 9]","[4 2 1 2]"
1.6220996958166334,"[3 7 1 0]","[0 2 4 3]"
0.5648837178358785,"[9 9 8 6]","[3 2 3 9]"
0.5556971677002023,"[3 8 6 8]","[9 5 9 3]"
0.53051982574663,"[9 7 5 8]","[2 2 9 3]"
0.5389933833544217,"[9 7 6 7]","[3 2 9 2]"
0.3756711027240391,"[9 8 1 0]","[2 3 4 4]"
0.5103907823031016,"[1 5 9 8]","[4 8 3 3]"
0.5799594943752504,"[1 4 3 8]","[3 3 9 3]"
0.6979344797612661,"[1 8 4 3]","[4 3 3 2]"
0.7027248251896969,"[4 0 3 6]","[3 4 9 9]"
0.7090970990471237,"[7 8 4 3]","[2 3 8 9]"
0.3756711027240391,"[0 1 1 8]","[4 4 3 3]"
0.5771777074470035,"[9 2 0 2]","[3 3 9 9]"
1.485703968441174,"[9 3 4 8]","[3 4 3 3]"
0.5440435576831982,"[5 3 3 0]","[9 2 9 5]"
0.7061061512815046,"[8 4 2 3]","[3 8 9 9]"
0.5459032724189036,"[3 2 4 3]","[9 9 3 0]"
1.6800021905315736,"[3 9 0 9]","[0 3 3 2]"
0.8389764452662694,"[9 1 3 4]","[2 4 9 3]"
0.5632248117125088,"[9 2 0 6]","[5 5 3 9]"
0.36658025642455816,"[5 4 3 1]","[2 8 9 9]"
0.6915866847606023,"[6 9 7 0]","[9 2 6 3]"
0.5486086519845724,"[3 3 7 4]","[9 0 9 3]"
0.5390774244364822,"[1 9 2 1]","[4 2 3 3]"
0.6945114029908782,"[9 3 8 5]","[3 4 3 9]"
0.5645199020388263,"[0 0 3 4]","[5 3 9 5]"
0.583684098140802,"[3 4 4 9]","[2 8 3 6]"
0.3565523072222974,"[9 8 6 7]","[2 3 0 3]"
0.5765156723201389,"[1 2 9 0]","[9 5 3 9]"
0.35996031290923025,"[0 4 5 5]","[2 3 9 9]"
0.5670144556920923,"[7 9 8 3]","[3 2 5 2]"
0.7392361399583222,"[9 3 4 3]","[6 0 3 9]"
0.3565523072222974,"[6 3 6 3]","[0 4 9 0]"
0.351184632898948,"[5 8 9 6]","[2 4 2 3]"
0.7123759288189097,"[9 3 3 2]","[2 9 9 7]"
0.5629963345353821,"[8 4 3 4]","[3 3 9 3]"
1.6848387183184952,"[3 9 7 2]","[2 5 9 3]"
0.35962382823117783,"[1 6 5 5]","[3 3 9 9]"
0.35935178114634325,"[6 7 0 6]","[3 2 2 9]"
1.3833137880924413,"[3 5 3 9]","[9 9 9 5]"
0.5393667380252514,"[3 6 2 8]","[9 9 7 3]"
0.5612627871965317,"[9 6 0 6]","[3 9 2 9]"
1.4606208011212691,"[7 5 9 2]","[9 2 5 5]"
0.5435270507970871,"[2 7 9 8]","[9 3 6 5]"
0.5436080132605594,"[3 3 7 8]","[2 4 6 3]"
1.4035271054425937,"[2 9 2 9]","[9 2 9 3]"
0.3522098092690551,"[1 9 2 0]","[3 6 5 3]"
0.3756711027240391,"[0 3 3 7]","[4 9 2 9]"
0.5855087131626375,"[3 9 4 8]","[2 3 3 3]"
1.3600226969472209,"[9 8 7 2]","[2 4 2 9]"
0.5826238281613746,"[0 2 4 2]","[3 5 3 0]"
0.5257288268406173,"[5 8 9 5]","[9 3 3 9]"
0.5728413174163606,"[9 9 3 9]","[6 2 4 3]"
1.6853958006508167,"[9 2 8 3]","[3 7 3 9]"
0.5728947221304925,"[2 9 6 9]","[9 5 9 3]"
0.349475568132691,"[8 1 9 8]","[3 4 3 3]"
0.5588372975867035,"[1 3 7 9]","[4 2 9 2]"
0.7171972870783028,"[4 3 0 2]","[8 2 9 0]"
0.7711027730974682,"[1 0 3 4]","[3 4 4 8]"
1.4780100149079216,"[5 5 9 9]","[9 9 2 5]"
0.575008272514242,"[5 3 3 9]","[2 4 0 3]"
0.6895830894758981,"[6 9 3 5]","[3 3 0 9]"
1.6069224198453191,"[3 3 4 9]","[9 9 3 3]"
0.35935178114634325,"[0 4 5 9]","[2 3 2 3]"
0.7216730874011542,"[4 3 3 8]","[8 9 9 3]"
1.6384529003440813,"[2 0 4 7]","[0 2 8 2]"
0.7516374339373416,"[0 7 9 3]","[9 9 3 2]"
0.3535228459122408,"[7 1 2 6]","[3 9 0 9]"
0.3519314536464144,"[4 5 5 6]","[3 2 9 9]"
0.37635595535292476,"[4 9 4 9]","[8 5 8 6]"
0.677761687231929,"[8 9 2 6]","[4 2 5 9]"
0.741510827277424,"[1 0 3 2]","[4 5 2 0]"
1.6800021905315734,"[4 0 5 3]","[8 3 8 0]"
0.5514849021234878,"[7 2 3 5]","[2 9 9 9]"
0.599792004087173,"[2 5 3 1]","[7 8 2 4]"
0.5645233264255843,"[3 1 7 8]","[9 3 2 4]"
0.5832242950177734,"[4 9 1 4]","[3 2 4 3]"
0.5749895451875859,"[4 2 3 9]","[8 7 0 3]"
0.36658025642455816,"[9 1 4 9]","[3 3 8 2]"
0.5360766773305605,"[7 2 5 5]","[3 5 9 9]"
0.6031665887997668,"[0 3 8 6]","[3 2 3 9]"
0.34679985064472946,"[7 0 5 8]","[3 3 9 3]"
0.6115426971601909,"[3 3 7 4]","[2 0 3 3]"
0.5911978014993756,"[9 7 1 6]","[3 9 9 9]"
1.5355439936208855,"[8 6 8 9]","[3 9 3 6]"
0.5623266956647572,"[9 9 5 3]","[3 5 8 2]"
0.5502915334308631,"[1 3 2 2]","[9 9 3 9]"
0.35371840447789904,"[7 2 2 1]","[3 3 9 4]"
0.5438525202210351,"[8 7 5 3]","[3 3 2 0]"
0.5927842304357354,"[6 9 1 5]","[1 2 3 9]"
0.532512426071805,"[1 8 1 5]","[9 4 4 8]"
0.3729886590997908,"[9 6 2 2]","[5 1 3 3]"
0.7415567980415525,"[3 1 2 3]","[9 3 7 2]"
0.37635595535292476,"[4 7 9 4]","[8 2 3 5]"
0.5628546142758735,"[0 0 3 0]","[3 2 4 2]"
0.5336539156326809,"[6 3 8 7]","[0 9 3 2]"
0.5586500098794228,"[9 8 8 3]","[2 3 3 0]"
0.5618589060408985,"[8 2 3 7]","[3 3 4 6]"
0.3780008002960942,"[6 7 9 4]","[1 2 5 3]"
0.7276529637599932,"[8 3 2 5]","[3 2 9 9]"
0.5765645251093333,"[3 4 9 0]","[9 8 5 2]"
0.565125293956461,"[9 4 2 1]","[3 8 0 4]"
0.590257238126616,"[3 3 2 2]","[9 2 9 5]"
1.7357747145285987,"[8 9 3 3]","[3 3 9 9]"
0.5223910431143498,"[3 8 6 1]","[9 3 9 4]"
0.5750922582450912,"[2 5 3 1]","[0 8 0 3]"
0.5640163976539251,"[8 0 3 5]","[3 3 9 2]"
0.3558690603885887,"[1 3 1 3]","[4 0 4 9]"
0.5510426488808723,"[7 8 6 9]","[3 3 9 3]"
0.5509023991009654,"[2 0 3 4]","[5 3 9 8]"
0.3522098092690551,"[9 9 1 2]","[5 3 3 3]"
0.7833926663480333,"[4 6 3 7]","[8 3 4 2]"
1.6800021905315734,"[0 9 3 2]","[3 5 0 5]"
0.3522098092690551,"[1 5 4 8]","[3 9 3 3]"
0.7428382779356817,"[3 8 0 9]","[9 4 3 6]"
1.4606208011212691,"[3 2 5 2]","[0 5 2 9]"
0.815030720174627,"[9 8 3 4]","[2 3 9 8]"
0.5662518758157316,"[4 4 0 3]","[3 8 9 2]"
0.5670513321661167,"[0 6 6 3]","[9 3 9 4]"
0.3505603873479646,"[5 7 5 3]","[9 2 9 2]"
0.37213738068475594,"[0 1 6 4]","[3 3 9 8]"
0.36658025642455816,"[9 4 4 4]","[3 5 8 3]"
0.5597702806001402,"[9 9 0 5]","[3 5 5 8]"
0.5749895451875859,"[7 9 3 2]","[6 3 0 5]"
0.35996031290923025,"[8 7 0 1]","[3 2 2 4]"
0.35445398810823003,"[1 5 7 4]","[9 2 3 3]"
0.5671873420953899,"[2 5 0 4]","[3 2 4 3]"
0.7038166693693169,"[5 4 6 9]","[9 8 0 6]"
0.563301551082798,"[3 2 9 1]","[0 0 3 4]"
0.5100883580187058,"[3 3 5 8]","[2 9 2 5]"
1.6878016564991924,"[2 0 9 5]","[0 2 3 9]"
0.34338805610356576,"[1 0 8 2]","[4 3 3 5]"
0.3387355728926428,"[1 8 7 1]","[4 5 6 4]"
0.35996031290923025,"[3 8 1 0]","[9 4 4 2]"
0.3632299580102559,"[8 3 9 4]","[5 0 2 5]"
0.5676742384441236,"[3 8 8 0]","[9 5 3 3]"
0.5756779850045756,"[1 4 3 7]","[9 3 0 3]"
0.3589493485603668,"[8 4 7 0]","[3 3 2 9]"
0.5535048770422625,"[4 1 9 9]","[8 9 6 5]"
0.5519091600205756,"[6 6 9 1]","[9 3 3 3]"
0.3519314536464144,"[5 6 1 6]","[2 9 4 9]"
0.7151882065997544,"[3 9 6 5]","[0 3 9 9]"
0.5517675370879835,"[7 3 4 6]","[3 0 5 1]"
0.3451230492594442,"[7 5 5 1]","[2 2 9 4]"
0.5519091600205757,"[1 9 6 8]","[4 3 9 3]"
0.5404579194951801,"[6 9 0 8]","[9 2 3 3]"
1.484714518858354,"[0 3 8 2]","[5 2 3 3]"
0.574459917024356,"[3 0 3 3]","[2 9 0 9]"
0.5299577349484905,"[5 2 0 5]","[2 9 3 9]"
1.6800021905315734,"[9 0 5 3]","[2 3 9 0]"
1.7705292039762097,"[9 1 1 3]","[3 4 4 9]"
1.5326557939883505,"[3 9 4 1]","[9 3 8 4]"
0.5726851616557525,"[9 3 8 9]","[3 0 3 2]"
0.5695859663512106,"[2 3 0 9]","[5 9 5 6]"
0.5353338772667862,"[9 8 7 5]","[2 3 3 9]"
0.5362297671646438,"[1 9 2 9]","[4 3 5 2]"
0.7007458559793357,"[3 5 9 0]","[2 9 3 3]"
0.5464079221971085,"[9 9 8 2]","[3 2 3 5]"
0.5763828869088149,"[1 8 8 4]","[4 3 3 5]"
0.6137455409470606,"[0 5 4 3]","[3 2 3 2]"
0.6783013949518523,"[4 3 1 6]","[3 9 4 9]"
0.5241971352262396,"[8 9 8 5]","[3 2 3 9]"
0.6116673521750214,"[2 0 0 3]","[7 4 2 2]"
0.3473630002962109,"[9 9 9 4]","[3 2 3 3]"
0.5777045560780601,"[2 5 7 3]","[9 2 9 2]"
0.3392970024018312,"[3 8 2 2]","[9 4 9 5]"
0.5400681794850235,"[8 5 0 3]","[3 9 2 4]"
1.6745542339572217,"[3 9 9 0]","[9 3 2 5]"
0.5766770207784271,"[0 4 3 1]","[3 3 9 9]"
0.35608758062626994,"[4 9 2 2]","[3 5 3 0]"
0.351184632898948,"[9 1 6 8]","[5 4 3 3]"
0.7155075519845918,"[8 3 9 4]","[3 9 2 3]"
0.3535228459122408,"[2 8 5 6]","[3 4 9 9]"
0.5576966758140163,"[0 7 0 5]","[2 2 5 9]"
0.5586874940232748,"[2 3 1 0]","[3 4 4 5]"
0.5566538028513301,"[1 3 3 8]","[4 0 9 3]"
