unsat-epsilon,sat-epsilon,original-prediction,second-best-prediction
115.9881591796875,115.997314453125,[4 0 5 3],[8 2 9 0]
160.7666015625,160.7757568359375,[3 5 9 5],[9 8 3 9]
105.6427001953125,105.65185546875,[9 1 2 8],[2 9 3 3]
109.7442626953125,109.75341796875,[1 9 7 8],[3 2 6 5]
132.366943359375,132.3760986328125,[2 3 9 3],[3 2 2 4]
77.9754638671875,77.984619140625,[3 9 9 4],[0 3 3 3]
83.770751953125,83.7799072265625,[2 9 7 6],[5 3 3 9]
84.136962890625,84.1461181640625,[0 4 9 7],[9 3 3 2]
51.324462890625,51.3336181640625,[9 4 8 9],[3 3 3 6]
109.9365234375,109.9456787109375,[3 4 5 5],[4 5 9 9]
29.827880859375,29.8370361328125,[2 9 8 9],[3 3 3 3]
82.7545166015625,82.763671875,[1 8 3 9],[3 3 2 2]
91.1041259765625,91.11328125,[7 4 0 2],[2 3 3 5]
62.1551513671875,62.164306640625,[7 3 0 4],[9 9 5 5]
132.257080078125,132.2662353515625,[5 7 3 8],[8 2 0 3]
114.1937255859375,114.202880859375,[4 0 9 2],[5 4 3 9]
205.2154541015625,205.224609375,[2 4 0 3],[9 3 4 0]
62.200927734375,62.2100830078125,[1 3 5 7],[4 9 9 9]
92.266845703125,92.2760009765625,[5 6 6 1],[8 1 9 4]
92.8070068359375,92.816162109375,[5 7 0 6],[9 2 3 9]
97.2747802734375,97.283935546875,[3 3 2 1],[0 9 3 4]
78.717041015625,78.7261962890625,[3 2 2 8],[9 3 3 3]
85.58349609375,85.5926513671875,[0 4 1 9],[2 3 9 3]
106.805419921875,106.8145751953125,[9 3 2 7],[3 0 3 2]
91.351318359375,91.3604736328125,[0 9 5 5],[5 3 9 9]
99.93896484375,99.9481201171875,[3 1 2 4],[0 4 0 3]
61.8988037109375,61.907958984375,[5 1 2 8],[9 4 9 4]
126.617431640625,126.6265869140625,[3 8 4 3],[9 3 8 2]
107.8765869140625,107.8857421875,[9 0 3 8],[2 4 9 5]
140.1214599609375,140.130615234375,[4 1 5 3],[5 4 9 4]
80.859375,80.8685302734375,[7 9 9 6],[2 3 3 0]
81.1248779296875,81.134033203125,[0 9 9 5],[9 2 2 9]
135.552978515625,135.5621337890625,[9 3 6 5],[3 2 9 9]
176.11083984375,176.1199951171875,[3 2 9 8],[9 0 3 5]
139.6087646484375,139.617919921875,[9 6 3 5],[3 9 4 9]
153.9825439453125,153.99169921875,[0 4 3 5],[3 5 4 9]
56.304931640625,56.3140869140625,[3 2 5 8],[9 9 9 3]
112.628173828125,112.6373291015625,[8 0 5 4],[3 5 8 8]
85.0433349609375,85.052490234375,[4 9 0 7],[8 3 2 3]
111.859130859375,111.8682861328125,[4 3 3 5],[3 2 0 9]
77.984619140625,77.9937744140625,[1 1 6 1],[3 4 1 4]
146.2188720703125,146.22802734375,[9 5 2 3],[2 9 9 4]
65.3961181640625,65.4052734375,[3 1 5 2],[9 9 9 5]
82.342529296875,82.3516845703125,[1 3 2 8],[4 9 9 5]
152.947998046875,152.9571533203125,[9 8 7 2],[2 5 9 9]
59.3170166015625,59.326171875,[9 0 4 1],[3 3 3 4]
97.3846435546875,97.393798828125,[3 8 3 9],[9 3 2 2]
159.814453125,159.8236083984375,[6 5 9 2],[0 9 5 3]
82.8277587890625,82.8369140625,[1 3 8 1],[4 9 3 9]
83.6334228515625,83.642578125,[8 7 8 9],[3 9 3 2]
172.2015380859375,172.210693359375,[9 1 9 3],[3 9 5 9]
73.297119140625,73.3062744140625,[9 3 9 3],[3 2 6 4]
56.7901611328125,56.79931640625,[8 9 2 7],[3 6 3 3]
183.6090087890625,183.6181640625,[1 2 3 0],[4 0 2 3]
96.5606689453125,96.56982421875,[9 4 5 8],[3 5 9 3]
137.091064453125,137.1002197265625,[8 5 4 2],[4 9 8 9]
150.9429931640625,150.9521484375,[9 6 3 9],[3 9 9 2]
82.1685791015625,82.177734375,[5 5 9 4],[8 9 3 8]
87.615966796875,87.6251220703125,[1 7 0 9],[4 3 2 3]
97.7783203125,97.7874755859375,[8 3 1 3],[3 2 4 0]
50.7659912109375,50.775146484375,[4 8 4 8],[3 3 8 3]
76.9500732421875,76.959228515625,[7 9 6 5],[2 2 9 9]
75.457763671875,75.4669189453125,[3 8 2 8],[0 3 3 3]
85.4736328125,85.4827880859375,[7 8 2 4],[2 3 3 5]
143.316650390625,143.3258056640625,[0 6 9 5],[5 0 3 9]
88.4674072265625,88.4765625,[7 1 7 3],[2 3 3 4]
82.4066162109375,82.415771484375,[2 9 9 4],[0 3 5 3]
156.8572998046875,156.866455078125,[9 3 2 8],[3 9 5 3]
87.7899169921875,87.799072265625,[3 3 2 4],[2 4 9 8]
68.29833984375,68.3074951171875,[3 1 5 1],[2 4 2 3]
94.81201171875,94.8211669921875,[1 3 4 4],[3 2 3 8]
69.140625,69.1497802734375,[5 7 1 1],[9 9 3 4]
62.274169921875,62.2833251953125,[7 2 2 2],[9 9 5 9]
86.590576171875,86.5997314453125,[1 8 5 1],[4 3 2 4]
85.2081298828125,85.21728515625,[9 3 0 1],[6 4 3 4]
162.8997802734375,162.908935546875,[2 3 9 3],[0 9 3 2]
75.4669189453125,75.47607421875,[6 3 3 6],[3 0 2 9]
88.018798828125,88.0279541015625,[5 3 3 8],[2 9 9 5]
61.7889404296875,61.798095703125,[3 2 3 3],[2 7 9 0]
135.333251953125,135.3424072265625,[9 3 3 9],[3 9 9 2]
93.0450439453125,93.05419921875,[5 5 0 2],[2 9 3 7]
138.3544921875,138.3636474609375,[3 4 3 1],[4 3 4 4]
90.1885986328125,90.19775390625,[0 7 8 2],[3 2 3 5]
107.684326171875,107.6934814453125,[6 2 9 9],[9 7 2 3]
58.135986328125,58.1451416015625,[8 2 0 7],[3 9 9 3]
80.6304931640625,80.6396484375,[2 3 2 8],[7 4 9 3]
62.87841796875,62.8875732421875,[1 6 5 3],[4 9 9 9]
89.483642578125,89.4927978515625,[1 8 0 9],[3 3 9 6]
85.2264404296875,85.235595703125,[0 6 8 3],[5 9 3 9]
98.236083984375,98.2452392578125,[3 0 5 1],[2 2 9 3]
85.43701171875,85.4461669921875,[9 6 0 2],[3 9 3 0]
89.630126953125,89.6392822265625,[7 9 5 6],[3 3 9 0]
107.940673828125,107.9498291015625,[9 3 6 7],[3 0 1 2]
101.129150390625,101.1383056640625,[6 8 9 1],[9 3 2 4]
112.664794921875,112.6739501953125,[1 2 3 8],[3 5 0 3]
62.0819091796875,62.091064453125,[6 5 7 7],[9 9 9 6]
58.26416015625,58.2733154296875,[3 2 2 0],[9 9 9 2]
84.136962890625,84.1461181640625,[3 9 3 1],[9 6 9 4]
91.4337158203125,91.44287109375,[9 3 3 8],[2 2 9 3]
81.591796875,81.6009521484375,[7 8 0 3],[2 3 4 4]
59.7930908203125,59.80224609375,[9 8 1 0],[3 3 3 2]
130.2703857421875,130.279541015625,[8 3 6 4],[3 2 1 8]
101.7242431640625,101.7333984375,[3 7 3 0],[0 3 4 9]
83.990478515625,83.9996337890625,[3 4 4 6],[0 8 8 9]
81.7657470703125,81.77490234375,[4 2 3 8],[3 9 9 3]
61.4410400390625,61.4501953125,[1 1 3 5],[4 4 9 9]
64.34326171875,64.3524169921875,[7 1 9 5],[3 3 3 2]
48.4130859375,48.4222412109375,[6 8 8 8],[9 3 5 3]
164.90478515625,164.9139404296875,[7 0 3 7],[3 3 0 6]
91.497802734375,91.5069580078125,[2 4 2 5],[9 3 7 9]
166.4703369140625,166.4794921875,[4 3 9 3],[5 9 3 4]
97.833251953125,97.8424072265625,[1 6 5 8],[3 1 8 3]
124.5208740234375,124.530029296875,[3 2 5 7],[0 9 2 3]
90.9942626953125,91.00341796875,[5 7 1 3],[9 2 4 9]
86.407470703125,86.4166259765625,[1 3 3 3],[3 9 2 9]
49.0081787109375,49.017333984375,[4 8 4 4],[5 3 3 3]
84.814453125,84.8236083984375,[9 1 0 8],[2 4 3 3]
85.21728515625,85.2264404296875,[9 0 4 2],[3 4 8 3]
107.9315185546875,107.940673828125,[7 6 3 1],[3 9 0 3]
81.2164306640625,81.2255859375,[3 4 9 3],[4 8 2 2]
83.111572265625,83.1207275390625,[8 3 1 3],[3 9 3 9]
166.680908203125,166.6900634765625,[1 9 2 7],[4 5 7 2]
149.835205078125,149.8443603515625,[9 9 3 5],[5 3 9 9]
101.18408203125,101.1932373046875,[2 3 8 3],[7 2 3 4]
89.849853515625,89.8590087890625,[0 4 5 5],[4 3 2 9]
102.008056640625,102.0172119140625,[2 3 2 9],[9 4 5 3]
117.4072265625,117.4163818359375,[3 1 8 3],[9 3 3 2]
149.3316650390625,149.3408203125,[9 8 9 3],[2 3 3 9]
55.8746337890625,55.8837890625,[1 6 6 1],[4 9 9 9]
86.2152099609375,86.224365234375,[2 4 1 2],[5 3 4 7]
82.2235107421875,82.232666015625,[1 3 3 1],[3 0 4 4]
136.212158203125,136.2213134765625,[9 3 1 6],[3 9 3 3]
153.314208984375,153.3233642578125,[9 5 3 2],[2 9 0 3]
132.586669921875,132.5958251953125,[3 1 9 4],[9 3 2 3]
89.7674560546875,89.776611328125,[9 5 2 0],[3 9 3 2]
121.527099609375,121.5362548828125,[0 3 6 7],[2 0 9 3]
84.173583984375,84.1827392578125,[6 5 8 7],[9 9 4 6]
95.123291015625,95.1324462890625,[4 5 1 0],[8 9 3 9]
133.941650390625,133.9508056640625,[9 3 5 9],[5 2 9 3]
157.0770263671875,157.086181640625,[8 9 3 5],[3 5 4 9]
61.5142822265625,61.5234375,[1 8 8 0],[9 3 3 3]
89.1082763671875,89.117431640625,[0 2 3 9],[5 3 4 5]
145.5413818359375,145.550537109375,[3 6 2 8],[2 9 3 3]
100.982666015625,100.9918212890625,[4 7 9 3],[8 9 6 9]
83.5052490234375,83.514404296875,[9 2 1 8],[5 3 4 3]
119.20166015625,119.2108154296875,[7 5 0 6],[3 8 5 9]
163.970947265625,163.9801025390625,[3 9 6 3],[9 3 9 0]
83.880615234375,83.8897705078125,[3 0 8 8],[9 3 5 3]
168.292236328125,168.3013916015625,[9 7 3 9],[3 2 9 5]
128.5491943359375,128.558349609375,[3 2 9 2],[2 7 2 9]
127.4505615234375,127.459716796875,[6 9 5 3],[9 5 9 0]
146.4202880859375,146.429443359375,[0 2 2 1],[2 3 0 4]
90.0604248046875,90.069580078125,[6 2 3 0],[9 9 4 5]
77.34375,77.3529052734375,[0 8 4 9],[2 3 8 3]
59.5916748046875,59.600830078125,[2 1 2 2],[3 4 7 9]
153.4698486328125,153.47900390625,[3 4 9 5],[2 5 3 9]
129.16259765625,129.1717529296875,[3 4 0 9],[9 3 3 5]
114.84375,114.8529052734375,[4 6 5 2],[3 9 2 0]
78.460693359375,78.4698486328125,[3 8 7 3],[9 5 6 4]
123.6236572265625,123.6328125,[8 4 3 9],[3 3 9 6]
50.64697265625,50.6561279296875,[8 8 3 8],[3 3 0 3]
87.030029296875,87.0391845703125,[9 4 4 0],[5 8 5 2]
73.223876953125,73.2330322265625,[3 8 8 3],[2 3 5 9]
108.0230712890625,108.0322265625,[8 4 0 7],[5 3 9 2]
144.0673828125,144.0765380859375,[3 9 2 8],[9 2 0 3]
79.3304443359375,79.339599609375,[9 3 6 2],[3 4 3 3]
79.2755126953125,79.28466796875,[1 1 4 9],[3 4 3 2]
78.8909912109375,78.900146484375,[9 7 3 8],[6 2 2 3]
62.548828125,62.5579833984375,[2 5 8 6],[3 9 3 9]
82.0587158203125,82.06787109375,[2 4 8 8],[0 8 3 3]
57.696533203125,57.7056884765625,[2 9 0 4],[3 3 2 3]
101.07421875,101.0833740234375,[1 8 3 3],[9 3 4 0]
105.6884765625,105.6976318359375,[9 8 0 2],[3 3 2 9]
106.2652587890625,106.2744140625,[9 3 4 3],[2 9 3 9]
85.7208251953125,85.72998046875,[5 8 5 9],[9 3 9 2]
129.5196533203125,129.52880859375,[9 2 1 3],[3 5 3 2]
124.1455078125,124.1546630859375,[5 2 6 9],[2 9 9 2]
102.1087646484375,102.117919921875,[5 1 6 9],[9 4 9 3]
81.3079833984375,81.317138671875,[9 7 6 9],[3 2 9 2]
89.520263671875,89.5294189453125,[3 9 3 0],[4 2 2 5]
121.1883544921875,121.197509765625,[0 5 4 1],[2 9 8 3]
115.2923583984375,115.301513671875,[1 3 0 3],[3 9 2 0]
88.916015625,88.9251708984375,[1 5 6 3],[4 9 9 2]
55.4168701171875,55.426025390625,[8 6 8 5],[3 9 3 9]
96.9635009765625,96.97265625,[2 1 5 4],[7 4 8 8]
55.224609375,55.2337646484375,[6 2 3 8],[9 9 9 4]
181.7962646484375,181.805419921875,[7 3 1 2],[3 2 4 7]
104.2694091796875,104.278564453125,[8 3 6 9],[3 0 9 3]
111.36474609375,111.3739013671875,[9 1 3 5],[6 4 0 9]
101.641845703125,101.6510009765625,[5 5 9 3],[9 9 3 4]
57.5958251953125,57.60498046875,[9 1 7 4],[3 3 3 8]
88.4033203125,88.4124755859375,[1 3 7 3],[4 4 3 2]
113.12255859375,113.1317138671875,[1 3 8 3],[3 2 3 0]
161.077880859375,161.0870361328125,[9 0 3 8],[3 2 9 3]
87.1856689453125,87.19482421875,[0 9 0 2],[4 5 9 9]
169.171142578125,169.1802978515625,[0 4 3 9],[3 8 0 3]
162.3870849609375,162.396240234375,[2 3 4 9],[9 2 3 3]
96.1212158203125,96.13037109375,[6 4 1 6],[9 3 4 1]
104.2694091796875,104.278564453125,[8 4 7 9],[5 3 9 2]
140.3228759765625,140.33203125,[3 9 9 0],[0 3 3 3]
122.406005859375,122.4151611328125,[5 4 9 8],[9 5 2 3]
168.0450439453125,168.05419921875,[9 6 5 1],[6 9 9 3]
62.73193359375,62.7410888671875,[1 9 7 5],[4 2 2 2]
80.8685302734375,80.877685546875,[6 9 3 5],[9 2 9 9]
73.0499267578125,73.05908203125,[5 9 9 6],[9 2 2 9]
86.75537109375,86.7645263671875,[0 8 1 3],[3 4 4 2]
108.1878662109375,108.197021484375,[2 8 0 3],[3 3 5 4]
112.2894287109375,112.298583984375,[8 3 4 5],[3 2 3 9]
165.4083251953125,165.41748046875,[6 2 2 9],[9 3 5 6]
81.0882568359375,81.097412109375,[0 3 4 6],[3 9 3 9]
136.981201171875,136.9903564453125,[9 5 3 2],[3 9 9 9]
82.928466796875,82.9376220703125,[3 2 9 9],[4 0 3 2]
84.0911865234375,84.100341796875,[5 8 4 2],[9 3 5 9]
85.07080078125,85.0799560546875,[7 6 3 1],[2 9 9 4]
86.0504150390625,86.0595703125,[9 5 9 6],[3 2 2 0]
53.997802734375,54.0069580078125,[0 9 9 0],[2 2 3 3]
64.691162109375,64.7003173828125,[1 7 0 7],[3 3 4 3]
106.4300537109375,106.439208984375,[1 9 3 8],[4 5 2 3]
90.2618408203125,90.27099609375,[0 2 1 3],[3 9 4 9]
136.907958984375,136.9171142578125,[3 0 8 9],[9 3 3 3]
60.809326171875,60.8184814453125,[0 1 4 4],[5 3 3 3]
81.427001953125,81.4361572265625,[6 4 0 6],[9 3 4 9]
105.1116943359375,105.120849609375,[5 3 5 8],[8 0 9 3]
78.973388671875,78.9825439453125,[6 3 9 3],[3 2 3 2]
86.9842529296875,86.993408203125,[2 9 0 1],[9 5 4 4]
75.7965087890625,75.8056640625,[9 3 3 8],[2 9 4 5]
116.0980224609375,116.107177734375,[2 6 4 3],[5 9 8 2]
91.1865234375,91.1956787109375,[5 4 0 0],[9 3 5 2]
85.1898193359375,85.198974609375,[3 8 6 0],[2 4 9 4]
154.94384765625,154.9530029296875,[3 9 8 9],[9 3 4 3]
84.3658447265625,84.375,[8 4 9 7],[5 5 3 9]
92.578125,92.5872802734375,[0 6 2 5],[3 3 5 8]
77.7374267578125,77.74658203125,[8 6 9 8],[3 9 5 3]
111.712646484375,111.7218017578125,[7 3 3 4],[3 0 2 8]
80.694580078125,80.7037353515625,[9 8 0 1],[3 3 9 4]
85.858154296875,85.8673095703125,[0 7 7 9],[9 2 3 6]
56.6253662109375,56.634521484375,[8 4 0 6],[3 3 3 9]
77.545166015625,77.5543212890625,[6 3 4 3],[9 9 8 0]
79.7882080078125,79.79736328125,[1 3 4 0],[4 4 5 5]
85.5377197265625,85.546875,[3 2 1 2],[0 9 3 3]
80.364990234375,80.3741455078125,[0 9 9 0],[9 5 3 5]
91.0125732421875,91.021728515625,[5 2 4 2],[9 7 5 3]
131.9915771484375,132.000732421875,[1 3 7 4],[4 2 6 3]
80.7586669921875,80.767822265625,[9 2 4 8],[6 9 3 3]
53.228759765625,53.2379150390625,[9 7 7 8],[2 2 2 5]
108.856201171875,108.8653564453125,[6 7 0 3],[0 3 2 9]
84.33837890625,84.3475341796875,[8 2 9 6],[3 3 2 1]
59.7198486328125,59.72900390625,[0 1 2 1],[3 4 3 3]
88.824462890625,88.8336181640625,[6 2 7 4],[9 7 9 3]
31.9427490234375,31.951904296875,[6 6 2 5],[9 9 9 9]
128.8330078125,128.8421630859375,[4 6 2 9],[8 9 3 2]
132.293701171875,132.3028564453125,[3 6 2 9],[9 9 9 2]
100.5889892578125,100.59814453125,[8 5 5 3],[3 2 8 0]
90.142822265625,90.1519775390625,[7 5 6 0],[3 9 9 4]
85.821533203125,85.8306884765625,[9 2 0 0],[2 5 4 3]
103.0517578125,103.0609130859375,[9 0 3 1],[5 9 9 4]
56.707763671875,56.7169189453125,[2 2 2 6],[0 5 3 1]
84.814453125,84.8236083984375,[2 3 3 4],[7 9 4 5]
83.4228515625,83.4320068359375,[9 2 9 6],[3 7 3 9]
110.2935791015625,110.302734375,[8 6 4 1],[3 0 8 9]
101.678466796875,101.6876220703125,[8 9 3 6],[3 2 0 3]
87.615966796875,87.6251220703125,[6 4 5 9],[1 3 9 3]
125.8209228515625,125.830078125,[9 3 4 8],[2 9 3 5]
60.552978515625,60.5621337890625,[1 3 3 3],[4 4 2 9]
114.5965576171875,114.605712890625,[1 8 3 7],[4 3 9 2]
105.157470703125,105.1666259765625,[8 9 7 4],[3 5 2 8]
89.0350341796875,89.044189453125,[3 5 4 4],[2 9 3 8]
84.210205078125,84.2193603515625,[0 0 2 7],[3 2 3 6]
82.232666015625,82.2418212890625,[2 8 8 9],[9 3 3 5]
84.5123291015625,84.521484375,[2 2 9 3],[7 9 6 9]
75.970458984375,75.9796142578125,[3 8 8 4],[9 3 3 3]
99.2706298828125,99.27978515625,[3 2 4 9],[9 5 3 5]
133.6029052734375,133.612060546875,[7 8 2 3],[9 3 5 2]
103.9306640625,103.9398193359375,[5 3 8 9],[9 9 5 2]
102.777099609375,102.7862548828125,[9 8 1 3],[2 3 3 0]
104.425048828125,104.4342041015625,[6 1 9 8],[9 4 2 3]
85.9039306640625,85.9130859375,[3 5 5 6],[0 2 9 9]
130.023193359375,130.0323486328125,[2 7 3 4],[3 2 0 5]
86.16943359375,86.1785888671875,[7 4 3 3],[2 5 9 9]
101.8524169921875,101.861572265625,[9 6 8 1],[2 9 3 4]
91.6259765625,91.6351318359375,[3 5 5 1],[0 9 9 4]
56.0943603515625,56.103515625,[8 3 3 3],[4 9 9 4]
60.0860595703125,60.09521484375,[3 9 3 3],[0 2 9 2]
149.6063232421875,149.615478515625,[9 3 1 5],[3 4 9 8]
92.8985595703125,92.90771484375,[9 3 3 8],[2 0 9 3]
80.035400390625,80.0445556640625,[3 4 7 7],[0 8 2 3]
79.2755126953125,79.28466796875,[8 9 2 6],[3 5 3 9]
85.6475830078125,85.65673828125,[3 1 2 7],[4 4 9 6]
134.4451904296875,134.454345703125,[4 3 2 1],[8 2 7 3]
169.134521484375,169.1436767578125,[9 2 3 5],[2 5 0 9]
90.4541015625,90.4632568359375,[5 5 7 0],[9 8 6 2]
86.0321044921875,86.041259765625,[7 7 1 6],[2 2 4 9]
108.1512451171875,108.160400390625,[9 5 5 2],[2 9 9 3]
108.4991455078125,108.50830078125,[8 3 2 7],[3 4 5 3]
60.0494384765625,60.05859375,[5 3 5 3],[2 2 2 9]
134.2437744140625,134.2529296875,[7 3 5 9],[2 4 9 3]
83.4136962890625,83.4228515625,[4 7 2 6],[5 9 9 3]
130.9295654296875,130.938720703125,[7 4 3 9],[3 5 9 6]
91.0491943359375,91.058349609375,[3 0 4 5],[9 2 8 9]
93.255615234375,93.2647705078125,[5 0 7 4],[9 3 2 3]
110.26611328125,110.2752685546875,[5 5 9 9],[9 8 5 2]
161.517333984375,161.5264892578125,[6 1 4 9],[9 9 5 6]
87.3504638671875,87.359619140625,[7 1 3 3],[9 4 0 0]
59.3170166015625,59.326171875,[9 9 0 1],[3 3 3 4]
90.5364990234375,90.545654296875,[1 9 9 5],[3 2 3 9]
131.6986083984375,131.707763671875,[3 6 3 2],[9 9 2 3]
96.002197265625,96.0113525390625,[5 8 1 3],[9 4 3 4]
155.548095703125,155.5572509765625,[8 3 5 0],[3 0 9 5]
60.333251953125,60.3424072265625,[3 9 9 1],[2 2 2 4]
54.510498046875,54.5196533203125,[8 8 2 8],[3 3 5 3]
111.2274169921875,111.236572265625,[1 8 0 4],[9 4 2 3]
92.8436279296875,92.852783203125,[7 5 0 3],[3 9 4 9]
105.1025390625,105.1116943359375,[8 9 4 1],[5 2 3 9]
85.015869140625,85.0250244140625,[5 7 8 4],[9 9 5 3]
85.9405517578125,85.94970703125,[2 1 8 4],[5 4 5 3]
116.217041015625,116.2261962890625,[6 3 5 1],[1 0 2 4]
80.67626953125,80.6854248046875,[1 9 6 6],[4 2 9 9]
90.7196044921875,90.728759765625,[4 5 3 5],[8 9 2 8]
92.54150390625,92.5506591796875,[5 9 0 0],[8 3 2 5]
136.2213134765625,136.23046875,[3 2 4 5],[9 3 8 2]
59.8846435546875,59.893798828125,[9 9 9 0],[2 2 3 4]
79.39453125,79.4036865234375,[4 0 8 6],[3 3 5 9]
115.008544921875,115.0177001953125,[9 9 5 3],[2 6 9 9]
65.3228759765625,65.33203125,[8 7 4 5],[3 3 3 8]
119.5953369140625,119.6044921875,[5 4 2 1],[9 3 5 4]
87.4237060546875,87.432861328125,[4 5 8 6],[3 9 3 1]
101.8890380859375,101.898193359375,[8 3 8 9],[3 9 3 5]
123.834228515625,123.8433837890625,[8 3 4 0],[3 9 8 2]
107.281494140625,107.2906494140625,[9 3 5 8],[2 4 9 3]
59.80224609375,59.8114013671875,[3 1 0 0],[4 4 3 2]
83.953857421875,83.9630126953125,[3 2 8 2],[4 3 3 5]
90.472412109375,90.4815673828125,[3 7 2 3],[9 2 5 9]
108.3343505859375,108.343505859375,[8 9 3 1],[3 2 9 9]
81.8206787109375,81.829833984375,[3 7 0 3],[9 3 3 9]
107.611083984375,107.6202392578125,[3 7 8 9],[0 9 3 3]
84.4940185546875,84.503173828125,[2 9 2 6],[3 3 7 1]
58.8226318359375,58.831787109375,[3 3 7 3],[9 2 2 9]
123.6053466796875,123.614501953125,[5 6 5 2],[2 9 9 5]
92.7703857421875,92.779541015625,[6 8 8 4],[9 5 3 8]
63.8763427734375,63.885498046875,[2 5 3 3],[9 2 9 9]
86.38916015625,86.3983154296875,[8 4 7 2],[3 8 9 3]
88.43994140625,88.4490966796875,[5 4 0 3],[2 3 9 9]
78.9459228515625,78.955078125,[0 7 3 5],[3 3 9 9]
108.1878662109375,108.197021484375,[9 3 0 8],[3 2 4 3]
54.52880859375,54.5379638671875,[8 4 0 6],[3 3 9 9]
27.4383544921875,27.447509765625,[4 9 0 9],[3 3 3 3]
91.51611328125,91.5252685546875,[5 3 4 7],[9 9 3 2]
66.4947509765625,66.50390625,[1 7 2 2],[3 3 5 7]
53.5491943359375,53.558349609375,[8 8 8 4],[3 3 3 8]
78.7078857421875,78.717041015625,[9 6 2 8],[3 9 0 3]
149.9725341796875,149.981689453125,[9 6 3 0],[3 9 0 4]
87.0574951171875,87.066650390625,[9 0 9 2],[5 2 2 3]
74.1485595703125,74.15771484375,[8 3 3 8],[3 9 2 3]
113.0767822265625,113.0859375,[7 4 6 1],[3 5 9 4]
92.6605224609375,92.669677734375,[0 5 5 1],[3 9 8 4]
163.3575439453125,163.36669921875,[3 6 9 3],[0 3 3 9]
135.53466796875,135.5438232421875,[5 2 9 3],[9 7 5 9]
168.4295654296875,168.438720703125,[7 4 2 8],[2 8 3 4]
55.92041015625,55.9295654296875,[9 8 8 0],[3 3 3 2]
84.375,84.3841552734375,[9 9 2 4],[3 3 9 5]
84.41162109375,84.4207763671875,[3 3 1 4],[4 0 4 8]
104.058837890625,104.0679931640625,[6 8 9 0],[9 3 2 5]
86.370849609375,86.3800048828125,[2 3 2 4],[0 0 3 8]
76.28173828125,76.2908935546875,[3 3 6 8],[0 0 9 3]
82.452392578125,82.4615478515625,[4 7 2 8],[3 6 5 3]
171.6796875,171.6888427734375,[9 8 3 0],[3 3 9 5]
108.453369140625,108.4625244140625,[3 7 8 1],[9 2 3 4]
139.013671875,139.0228271484375,[4 8 5 8],[8 3 2 4]
116.2445068359375,116.253662109375,[5 8 0 1],[2 3 5 4]
112.353515625,112.3626708984375,[4 9 3 5],[3 2 0 9]
84.210205078125,84.2193603515625,[0 0 3 8],[2 2 9 3]
99.31640625,99.3255615234375,[7 9 9 6],[9 2 6 3]
82.36083984375,82.3699951171875,[0 5 8 0],[4 9 3 3]
79.6600341796875,79.669189453125,[3 0 8 3],[4 9 3 4]
85.0433349609375,85.052490234375,[2 1 1 4],[5 4 4 3]
101.751708984375,101.7608642578125,[1 3 8 9],[9 9 3 6]
160.1348876953125,160.14404296875,[9 5 3 7],[3 9 9 2]
102.3284912109375,102.337646484375,[9 5 8 4],[2 8 3 8]
91.29638671875,91.3055419921875,[5 7 1 0],[9 6 9 2]
60.955810546875,60.9649658203125,[0 3 6 0],[2 9 9 3]
92.120361328125,92.1295166015625,[3 1 8 5],[2 9 3 9]
59.051513671875,59.0606689453125,[9 8 9 5],[3 3 3 2]
92.1661376953125,92.17529296875,[2 5 0 8],[5 9 3 3]
80.9600830078125,80.96923828125,[2 7 8 8],[0 2 3 3]
78.69873046875,78.7078857421875,[3 8 8 9],[0 3 3 6]
89.7491455078125,89.75830078125,[3 3 1 2],[4 9 9 5]
128.9520263671875,128.961181640625,[1 9 3 2],[4 3 2 5]
85.2447509765625,85.25390625,[8 0 7 1],[3 2 2 4]
86.6180419921875,86.627197265625,[0 6 6 3],[5 9 3 9]
84.4940185546875,84.503173828125,[8 1 9 7],[3 4 3 9]
66.2567138671875,66.265869140625,[3 3 2 2],[4 9 9 3]
169.683837890625,169.6929931640625,[7 3 8 4],[6 4 4 3]
108.599853515625,108.6090087890625,[8 0 2 7],[3 3 0 2]
59.72900390625,59.7381591796875,[9 8 5 4],[2 3 2 3]
141.082763671875,141.0919189453125,[1 4 5 3],[4 3 9 2]
86.8927001953125,86.90185546875,[3 9 3 0],[4 3 2 2]
171.3043212890625,171.3134765625,[0 3 7 8],[3 0 6 3]
66.9891357421875,66.998291015625,[5 7 5 6],[2 9 8 9]
78.3416748046875,78.350830078125,[3 8 3 6],[9 3 0 9]
72.25341796875,72.2625732421875,[6 8 8 9],[0 3 3 2]
131.4605712890625,131.4697265625,[5 3 8 0],[9 0 3 2]
83.9447021484375,83.953857421875,[1 5 8 3],[3 9 3 9]
63.0523681640625,63.0615234375,[7 7 5 2],[6 3 9 9]
88.751220703125,88.7603759765625,[8 5 3 1],[3 2 2 4]
80.2459716796875,80.255126953125,[0 6 4 6],[9 9 8 0]
119.0277099609375,119.036865234375,[9 7 3 5],[3 2 4 8]
63.226318359375,63.2354736328125,[9 5 9 9],[3 8 2 5]
81.2164306640625,81.2255859375,[9 4 2 3],[3 3 3 0]
55.95703125,55.9661865234375,[0 6 6 3],[9 9 9 2]
82.72705078125,82.7362060546875,[7 9 4 4],[2 6 3 8]
108.0047607421875,108.013916015625,[1 6 6 3],[3 1 9 9]
86.3250732421875,86.334228515625,[2 3 4 2],[5 0 8 3]
81.7474365234375,81.756591796875,[9 0 1 8],[3 2 4 3]
82.2509765625,82.2601318359375,[3 1 1 6],[9 4 3 0]
65.3961181640625,65.4052734375,[3 1 2 5],[9 9 5 9]
147.9400634765625,147.94921875,[9 1 2 8],[2 9 9 3]
164.300537109375,164.3096923828125,[9 4 3 3],[3 3 9 2]
118.743896484375,118.7530517578125,[3 3 0 1],[0 4 2 3]
139.434814453125,139.4439697265625,[4 5 3 1],[3 9 0 4]
86.370849609375,86.3800048828125,[4 4 1 9],[8 3 9 3]
56.0394287109375,56.048583984375,[3 4 3 3],[9 8 4 9]
83.0291748046875,83.038330078125,[4 9 7 3],[8 3 2 2]
63.7298583984375,63.739013671875,[1 3 5 0],[4 9 9 9]
30.029296875,30.0384521484375,[9 7 4 9],[3 3 3 3]
61.6058349609375,61.614990234375,[3 8 5 7],[2 3 2 2]
154.57763671875,154.5867919921875,[4 3 9 0],[3 9 2 4]
89.1448974609375,89.154052734375,[9 0 7 3],[2 5 2 9]
83.660888671875,83.6700439453125,[9 9 1 6],[2 3 3 9]
90.325927734375,90.3350830078125,[4 5 2 4],[8 9 5 5]
58.6944580078125,58.70361328125,[9 7 9 9],[3 3 5 3]
88.531494140625,88.5406494140625,[0 3 3 4],[2 9 9 8]
168.548583984375,168.5577392578125,[2 3 0 0],[9 0 5 3]
80.0628662109375,80.072021484375,[9 0 4 7],[2 3 8 3]
139.7186279296875,139.727783203125,[9 5 4 2],[2 2 3 9]
139.6087646484375,139.617919921875,[6 5 3 9],[9 8 0 3]
113.5986328125,113.6077880859375,[3 1 3 8],[2 3 4 3]
103.3355712890625,103.3447265625,[5 4 2 9],[9 8 9 3]
111.4654541015625,111.474609375,[8 7 3 2],[3 6 9 3]
84.759521484375,84.7686767578125,[3 7 9 0],[0 2 5 2]
85.198974609375,85.2081298828125,[6 3 3 1],[1 4 2 4]
93.42041015625,93.4295654296875,[3 2 6 5],[2 9 9 8]
110.1287841796875,110.137939453125,[9 4 3 0],[3 8 2 3]
141.595458984375,141.6046142578125,[7 3 4 1],[2 4 8 3]
194.64111328125,194.6502685546875,[9 3 2 4],[3 9 7 8]
165.1702880859375,165.179443359375,[8 2 3 0],[3 0 4 2]
60.8642578125,60.8734130859375,[6 5 5 0],[3 9 2 3]
118.0572509765625,118.06640625,[5 4 3 2],[2 3 9 3]
82.9376220703125,82.94677734375,[2 8 2 1],[9 3 0 4]
57.53173828125,57.5408935546875,[7 7 3 7],[2 6 0 2]
85.2081298828125,85.21728515625,[8 1 3 7],[3 3 2 2]
153.076171875,153.0853271484375,[7 9 1 2],[2 2 3 9]
87.835693359375,87.8448486328125,[2 8 5 7],[9 3 2 9]
124.017333984375,124.0264892578125,[8 3 9 2],[3 2 6 7]
176.0101318359375,176.019287109375,[4 3 2 9],[3 9 5 3]
113.983154296875,113.9923095703125,[4 4 3 1],[8 5 2 4]
150.69580078125,150.7049560546875,[9 1 2 8],[2 3 9 3]
88.1378173828125,88.14697265625,[1 3 5 3],[4 2 9 0]
92.10205078125,92.1112060546875,[1 1 7 5],[4 9 3 9]
59.1888427734375,59.197998046875,[7 9 3 3],[2 2 9 0]
128.6041259765625,128.61328125,[9 3 7 4],[2 9 3 3]
87.1124267578125,87.12158203125,[2 7 6 7],[3 2 1 2]
135.2783203125,135.2874755859375,[3 1 4 2],[9 4 3 5]
59.1156005859375,59.124755859375,[9 5 9 6],[3 9 3 3]
76.28173828125,76.2908935546875,[3 9 6 3],[9 2 9 9]
81.3812255859375,81.390380859375,[7 8 3 8],[9 3 4 3]
108.7371826171875,108.746337890625,[0 3 3 2],[2 0 4 7]
79.522705078125,79.5318603515625,[4 6 8 4],[3 9 3 8]
72.8485107421875,72.857666015625,[3 8 9 8],[4 3 2 3]
85.5194091796875,85.528564453125,[2 4 3 3],[0 8 9 0]
188.287353515625,188.2965087890625,[9 1 8 3],[3 4 5 9]
87.1856689453125,87.19482421875,[4 1 1 3],[8 3 9 2]
80.8319091796875,80.841064453125,[1 8 2 8],[4 3 5 3]
57.550048828125,57.5592041015625,[3 3 3 7],[4 4 0 2]
145.294189453125,145.3033447265625,[8 3 9 4],[3 9 3 3]
58.6944580078125,58.70361328125,[8 9 7 9],[3 3 3 5]
84.1644287109375,84.173583984375,[5 3 9 3],[9 0 2 9]
130.3436279296875,130.352783203125,[9 5 2 2],[5 9 0 9]
55.389404296875,55.3985595703125,[9 8 4 7],[3 3 3 2]
83.0291748046875,83.038330078125,[0 3 9 7],[2 2 3 3]
83.203125,83.2122802734375,[8 4 9 2],[5 3 6 5]
53.72314453125,53.7322998046875,[8 4 9 9],[3 3 5 3]
88.2659912109375,88.275146484375,[3 3 4 9],[9 9 8 2]
113.433837890625,113.4429931640625,[8 0 7 4],[3 5 2 8]
185.7147216796875,185.723876953125,[3 4 1 9],[9 8 4 3]
140.0299072265625,140.0390625,[3 3 1 2],[2 0 9 3]
169.775390625,169.7845458984375,[9 3 3 1],[3 9 0 4]
149.1485595703125,149.15771484375,[7 3 3 9],[3 0 9 3]
81.134033203125,81.1431884765625,[8 1 8 7],[5 9 3 6]
78.8543701171875,78.863525390625,[3 3 6 3],[2 9 3 9]
114.1845703125,114.1937255859375,[7 4 5 3],[3 3 9 2]
82.855224609375,82.8643798828125,[8 2 3 2],[3 9 9 5]
102.3834228515625,102.392578125,[3 4 3 8],[2 3 0 3]
55.682373046875,55.6915283203125,[8 0 8 9],[3 3 3 2]
93.42041015625,93.4295654296875,[1 5 3 3],[4 2 9 0]
90.106201171875,90.1153564453125,[9 9 5 3],[5 6 2 4]
105.6793212890625,105.6884765625,[4 7 3 9],[3 6 0 2]
89.5477294921875,89.556884765625,[2 3 5 3],[0 9 9 2]
84.92431640625,84.9334716796875,[6 8 2 7],[9 3 5 9]
58.428955078125,58.4381103515625,[9 3 3 0],[2 9 4 2]
85.3363037109375,85.345458984375,[4 4 2 0],[3 3 5 2]
97.8607177734375,97.869873046875,[1 2 0 5],[9 9 3 8]
118.121337890625,118.1304931640625,[4 7 5 1],[3 2 9 4]
83.7890625,83.7982177734375,[7 9 7 2],[3 2 6 3]
80.8135986328125,80.82275390625,[1 8 8 6],[4 3 3 9]
112.5457763671875,112.554931640625,[1 4 6 5],[4 3 9 2]
165.9576416015625,165.966796875,[0 2 3 8],[3 3 0 4]
117.718505859375,117.7276611328125,[2 4 5 3],[3 3 8 0]
53.0364990234375,53.045654296875,[6 8 4 8],[3 3 8 3]
91.1407470703125,91.14990234375,[3 0 1 5],[0 4 4 9]
103.472900390625,103.4820556640625,[7 9 5 4],[2 2 9 5]
115.667724609375,115.6768798828125,[0 9 9 5],[2 5 3 9]
60.516357421875,60.5255126953125,[1 3 1 3],[4 9 9 4]
101.0101318359375,101.019287109375,[3 3 1 5],[2 4 3 2]
103.5003662109375,103.509521484375,[9 6 5 9],[2 1 9 3]
90.71044921875,90.7196044921875,[0 0 8 5],[2 5 4 9]
137.7044677734375,137.713623046875,[5 1 4 9],[2 4 5 6]
130.0323486328125,130.04150390625,[3 0 9 8],[9 5 2 3]
92.8985595703125,92.90771484375,[3 8 3 9],[9 3 9 2]
156.92138671875,156.9305419921875,[0 3 8 0],[2 0 3 3]
82.3699951171875,82.379150390625,[8 7 2 0],[3 9 9 2]
144.6441650390625,144.6533203125,[3 4 0 9],[9 3 3 3]
119.7418212890625,119.7509765625,[2 9 9 9],[9 3 6 2]
175.103759765625,175.1129150390625,[2 0 1 9],[9 5 3 2]
61.7889404296875,61.798095703125,[5 3 6 9],[2 2 3 2]
80.0628662109375,80.072021484375,[6 9 3 4],[0 3 0 3]
91.497802734375,91.5069580078125,[5 2 7 8],[9 5 3 3]
89.959716796875,89.9688720703125,[4 9 5 7],[3 3 9 2]
132.5775146484375,132.586669921875,[1 2 4 3],[3 0 3 2]
60.223388671875,60.2325439453125,[6 2 4 5],[9 9 3 9]
91.204833984375,91.2139892578125,[3 5 0 9],[9 9 9 2]
82.6080322265625,82.6171875,[3 7 1 1],[9 6 4 4]
105.8990478515625,105.908203125,[7 6 3 8],[2 3 4 3]
155.0445556640625,155.0537109375,[9 3 0 9],[2 9 9 3]
84.814453125,84.8236083984375,[2 1 4 6],[9 4 3 3]
130.865478515625,130.8746337890625,[8 9 0 3],[3 2 3 9]
85.9130859375,85.9222412109375,[7 9 0 0],[9 3 3 2]
107.061767578125,107.0709228515625,[2 4 3 3],[5 3 0 9]
89.3463134765625,89.35546875,[2 7 1 0],[9 3 4 3]
153.33251953125,153.3416748046875,[9 3 7 2],[2 9 3 0]
85.43701171875,85.4461669921875,[2 3 5 8],[9 9 2 3]
171.075439453125,171.0845947265625,[3 4 0 1],[0 3 3 4]
57.623291015625,57.6324462890625,[3 3 9 3],[9 9 5 0]
58.8134765625,58.8226318359375,[9 1 0 9],[2 3 3 3]
88.58642578125,88.5955810546875,[3 4 7 5],[9 5 2 9]
80.3192138671875,80.328369140625,[9 0 9 9],[3 9 2 5]
82.5531005859375,82.562255859375,[4 6 9 7],[3 0 6 3]
86.370849609375,86.3800048828125,[0 8 4 1],[2 5 5 4]
85.748291015625,85.7574462890625,[1 3 8 1],[4 2 3 4]
83.5784912109375,83.587646484375,[3 9 3 0],[0 6 9 2]
59.2620849609375,59.271240234375,[7 0 4 9],[3 3 8 3]
94.44580078125,94.4549560546875,[4 7 5 4],[5 9 8 8]
125.482177734375,125.4913330078125,[0 8 7 3],[2 3 3 0]
112.4267578125,112.4359130859375,[5 3 0 4],[9 0 2 8]
183.0596923828125,183.06884765625,[9 8 2 6],[6 3 5 9]
87.85400390625,87.8631591796875,[4 2 7 7],[8 5 3 3]
95.0408935546875,95.050048828125,[3 8 7 9],[9 3 2 2]
54.107666015625,54.1168212890625,[6 7 6 6],[0 3 9 9]
56.927490234375,56.9366455078125,[4 0 8 8],[3 5 3 3]
79.3121337890625,79.3212890625,[8 2 9 9],[3 7 3 2]
139.8651123046875,139.874267578125,[5 8 9 8],[8 5 6 3]
87.3138427734375,87.322998046875,[8 0 9 1],[5 3 5 4]
128.2562255859375,128.265380859375,[1 4 9 3],[3 8 2 4]
61.4501953125,61.4593505859375,[3 5 4 3],[9 9 8 9]
88.5589599609375,88.568115234375,[2 0 1 7],[9 3 9 6]
99.3438720703125,99.35302734375,[6 1 4 9],[1 4 3 3]
100.726318359375,100.7354736328125,[9 3 5 8],[2 9 9 3]
132.9437255859375,132.952880859375,[9 1 5 9],[5 4 9 6]
84.2376708984375,84.246826171875,[6 3 2 7],[9 9 0 2]
109.6160888671875,109.625244140625,[6 4 9 5],[1 8 2 9]
30.1666259765625,30.17578125,[3 3 3 3],[2 9 2 0]
87.103271484375,87.1124267578125,[3 8 4 4],[0 3 8 3]
109.1217041015625,109.130859375,[6 4 4 0],[9 8 3 4]
49.5758056640625,49.5849609375,[9 6 8 8],[3 0 3 3]
132.5775146484375,132.586669921875,[2 2 3 4],[9 5 2 3]
83.5968017578125,83.60595703125,[3 9 9 0],[2 3 6 4]
97.7142333984375,97.723388671875,[3 3 8 2],[2 9 3 9]
30.780029296875,30.7891845703125,[3 2 6 6],[9 9 9 9]
85.345458984375,85.3546142578125,[2 8 2 5],[9 3 0 9]
148.333740234375,148.3428955078125,[2 6 9 9],[9 0 2 2]
112.628173828125,112.6373291015625,[3 2 3 3],[2 3 2 4]
148.4893798828125,148.49853515625,[4 2 7 9],[3 9 3 2]
151.336669921875,151.3458251953125,[2 9 4 3],[9 2 3 2]
141.8609619140625,141.8701171875,[2 3 9 8],[9 9 3 3]
87.1673583984375,87.176513671875,[9 5 7 8],[2 9 2 3]
57.2021484375,57.2113037109375,[9 8 4 7],[3 3 3 9]
54.9957275390625,55.0048828125,[0 6 0 0],[3 3 4 2]
62.4114990234375,62.420654296875,[7 1 6 4],[3 9 9 3]
135.406494140625,135.4156494140625,[3 2 3 7],[2 3 9 3]
88.970947265625,88.9801025390625,[3 3 5 8],[9 0 9 3]
135.498046875,135.5072021484375,[9 2 8 5],[2 9 3 9]
76.2542724609375,76.263427734375,[8 8 3 9],[3 3 0 2]
96.0845947265625,96.09375,[0 2 5 8],[3 5 9 3]
82.9833984375,82.9925537109375,[6 3 3 8],[1 0 2 4]
82.2052001953125,82.21435546875,[3 4 7 4],[0 5 2 3]
87.8631591796875,87.872314453125,[7 8 5 0],[2 3 9 2]
59.0606689453125,59.06982421875,[3 3 8 5],[9 9 3 9]
78.6163330078125,78.62548828125,[6 3 4 3],[9 4 8 2]
58.0902099609375,58.099365234375,[0 9 0 4],[3 5 3 3]
108.343505859375,108.3526611328125,[3 3 0 6],[4 2 3 9]
79.28466796875,79.2938232421875,[9 9 8 3],[3 5 3 4]
79.8065185546875,79.815673828125,[8 4 3 8],[3 3 9 3]
147.4456787109375,147.454833984375,[7 2 0 3],[2 3 5 2]
73.114013671875,73.1231689453125,[8 6 4 8],[3 9 8 3]
82.2601318359375,82.269287109375,[1 6 9 4],[3 9 5 3]
83.8531494140625,83.8623046875,[1 2 3 2],[3 3 9 9]
110.870361328125,110.8795166015625,[5 3 6 8],[2 9 1 3]
62.6129150390625,62.6220703125,[5 6 7 5],[9 9 2 9]
74.8809814453125,74.89013671875,[9 9 8 3],[6 3 3 0]
95.892333984375,95.9014892578125,[1 5 7 1],[4 9 2 3]
113.2049560546875,113.214111328125,[3 4 5 0],[2 3 9 5]
53.485107421875,53.4942626953125,[3 8 2 6],[9 3 9 9]
60.8001708984375,60.809326171875,[0 2 0 0],[9 3 5 3]
169.4091796875,169.4183349609375,[8 9 0 5],[5 2 3 8]
83.67919921875,83.6883544921875,[4 9 7 9],[5 2 2 3]
110.5316162109375,110.540771484375,[3 8 7 5],[0 3 2 9]
56.1126708984375,56.121826171875,[4 3 4 6],[8 9 5 9]
79.962158203125,79.9713134765625,[4 8 0 4],[3 3 5 8]
85.601806640625,85.6109619140625,[5 4 1 1],[9 3 4 4]
90.5731201171875,90.582275390625,[0 7 9 5],[2 3 3 9]
90.8477783203125,90.85693359375,[9 5 1 8],[3 8 4 3]
89.90478515625,89.9139404296875,[3 0 1 7],[4 3 4 2]
84.7869873046875,84.796142578125,[3 8 3 2],[9 4 2 0]
65.51513671875,65.5242919921875,[0 1 5 9],[2 4 2 2]
117.22412109375,117.2332763671875,[6 2 1 5],[3 9 4 2]
84.5123291015625,84.521484375,[3 4 1 4],[0 3 9 3]
59.0423583984375,59.051513671875,[0 7 8 8],[2 3 3 3]
76.226806640625,76.2359619140625,[8 9 6 9],[3 3 9 2]
135.772705078125,135.7818603515625,[9 5 1 2],[2 2 4 5]
162.9547119140625,162.9638671875,[0 9 2 7],[5 2 9 6]
94.903564453125,94.9127197265625,[5 0 0 2],[2 5 4 3]
109.3780517578125,109.38720703125,[3 2 9 9],[2 3 3 2]
113.5986328125,113.6077880859375,[7 3 8 5],[6 0 5 9]
56.7352294921875,56.744384765625,[8 5 9 8],[3 2 2 3]
102.3468017578125,102.35595703125,[8 3 8 4],[3 9 3 8]
97.283935546875,97.2930908203125,[3 2 8 8],[2 9 3 3]
102.79541015625,102.8045654296875,[7 3 8 9],[6 0 3 3]
84.4757080078125,84.48486328125,[6 9 3 3],[0 2 4 2]
67.657470703125,67.6666259765625,[2 5 0 1],[3 9 3 3]
72.1527099609375,72.161865234375,[8 3 3 3],[3 0 9 9]
131.65283203125,131.6619873046875,[4 1 9 3],[8 9 3 0]
51.544189453125,51.5533447265625,[8 8 1 1],[3 3 3 4]
142.0257568359375,142.034912109375,[0 5 9 3],[9 9 5 4]
132.916259765625,132.9254150390625,[6 0 1 4],[1 3 4 8]
81.170654296875,81.1798095703125,[8 3 3 0],[4 2 9 2]
109.6527099609375,109.661865234375,[3 9 0 4],[4 3 4 8]
163.238525390625,163.2476806640625,[9 3 9 1],[3 9 2 4]
114.14794921875,114.1571044921875,[2 4 0 9],[3 8 2 5]
32.0526123046875,32.061767578125,[2 6 1 7],[9 9 9 9]
97.0916748046875,97.100830078125,[3 8 8 0],[0 3 3 5]
95.7916259765625,95.80078125,[1 4 5 6],[3 3 2 1]
84.686279296875,84.6954345703125,[9 4 2 9],[3 8 5 6]
81.9122314453125,81.92138671875,[9 8 3 8],[2 4 4 3]
69.140625,69.1497802734375,[5 1 4 8],[9 3 3 3]
92.54150390625,92.5506591796875,[7 2 8 1],[3 5 3 4]
92.852783203125,92.8619384765625,[1 0 1 3],[4 2 3 9]
97.412109375,97.4212646484375,[8 3 2 0],[3 2 9 2]
112.39013671875,112.3992919921875,[3 1 7 6],[4 3 3 9]
83.89892578125,83.9080810546875,[8 2 6 5],[3 9 0 9]
180.0750732421875,180.084228515625,[9 8 2 3],[2 3 3 9]
80.072021484375,80.0811767578125,[8 9 0 6],[3 2 3 9]
57.513427734375,57.5225830078125,[3 3 2 6],[9 9 9 1]
109.3780517578125,109.38720703125,[9 3 1 4],[2 2 4 3]
60.040283203125,60.0494384765625,[5 4 7 4],[2 3 2 3]
93.0267333984375,93.035888671875,[5 3 1 3],[9 9 3 0]
55.462646484375,55.4718017578125,[2 8 8 9],[3 4 3 3]
91.1407470703125,91.14990234375,[7 7 5 2],[2 3 9 0]
170.9564208984375,170.965576171875,[3 9 1 9],[9 3 4 3]
102.1270751953125,102.13623046875,[6 2 3 8],[3 0 4 3]
86.82861328125,86.8377685546875,[0 5 1 8],[4 2 4 3]
133.447265625,133.4564208984375,[4 2 3 6],[3 3 2 0]
83.75244140625,83.7615966796875,[5 0 3 8],[2 2 9 3]
54.0069580078125,54.01611328125,[0 8 6 8],[3 3 9 3]
61.0931396484375,61.102294921875,[9 8 9 5],[3 3 3 8]
81.1614990234375,81.170654296875,[9 3 9 6],[3 2 2 1]
111.2091064453125,111.21826171875,[1 3 6 3],[3 2 9 4]
101.7242431640625,101.7333984375,[3 5 3 8],[0 9 4 3]
117.919921875,117.9290771484375,[3 7 1 2],[0 3 4 9]
83.82568359375,83.8348388671875,[9 4 9 0],[2 8 5 3]
106.787109375,106.7962646484375,[8 4 3 3],[3 3 0 9]
86.7828369140625,86.7919921875,[3 4 2 0],[9 8 9 3]
137.4481201171875,137.457275390625,[9 2 9 3],[3 3 3 9]
79.669189453125,79.6783447265625,[7 5 9 1],[2 9 2 9]
128.6956787109375,128.704833984375,[5 3 2 2],[2 9 9 5]
27.2552490234375,27.264404296875,[8 9 2 8],[3 3 3 3]
79.6051025390625,79.6142578125,[6 7 8 2],[9 6 3 9]
100.250244140625,100.2593994140625,[1 6 0 9],[9 1 3 3]
77.7099609375,77.7191162109375,[1 4 8 8],[4 3 4 3]
102.24609375,102.2552490234375,[5 9 3 6],[9 2 4 9]
60.699462890625,60.7086181640625,[9 1 2 4],[2 3 3 3]
99.5269775390625,99.5361328125,[8 5 9 6],[5 9 2 9]
103.45458984375,103.4637451171875,[3 7 4 6],[0 3 3 9]
83.9996337890625,84.0087890625,[9 1 7 4],[2 4 3 3]
60.3607177734375,60.369873046875,[3 7 4 4],[2 2 8 8]
100.81787109375,100.8270263671875,[9 6 9 3],[2 0 5 9]
87.0391845703125,87.04833984375,[5 2 0 0],[9 5 9 5]
53.668212890625,53.6773681640625,[8 6 8 4],[3 1 3 3]
128.64990234375,128.6590576171875,[3 9 2 7],[0 2 7 6]
80.7952880859375,80.804443359375,[0 9 7 6],[3 2 3 0]
115.594482421875,115.6036376953125,[5 3 6 7],[9 0 3 3]
130.2703857421875,130.279541015625,[3 9 6 3],[0 3 9 2]
112.4176025390625,112.4267578125,[8 1 8 4],[3 4 3 8]
101.239013671875,101.2481689453125,[4 3 8 3],[8 9 3 9]
123.4039306640625,123.4130859375,[3 5 3 8],[9 8 4 3]
92.156982421875,92.1661376953125,[1 7 1 5],[3 3 4 9]
119.384765625,119.3939208984375,[9 3 3 2],[2 2 2 3]
81.5643310546875,81.573486328125,[8 3 8 1],[3 2 5 3]
87.0208740234375,87.030029296875,[3 9 1 3],[9 5 4 2]
111.87744140625,111.8865966796875,[3 8 5 0],[2 3 9 3]
86.7828369140625,86.7919921875,[3 9 4 0],[4 2 8 2]
81.4453125,81.4544677734375,[7 0 8 9],[2 3 4 2]
115.13671875,115.1458740234375,[4 1 9 4],[3 4 2 8]
84.66796875,84.6771240234375,[4 2 4 6],[8 9 3 1]
106.8511962890625,106.8603515625,[4 7 0 6],[8 6 4 3]
129.4097900390625,129.4189453125,[3 9 5 3],[9 5 9 4]
89.593505859375,89.6026611328125,[1 0 3 1],[4 3 2 9]
116.656494140625,116.6656494140625,[5 7 3 4],[9 6 2 3]
90.3533935546875,90.362548828125,[7 5 2 3],[2 2 9 2]
55.645751953125,55.6549072265625,[3 9 3 9],[0 3 0 2]
25.81787109375,25.8270263671875,[9 8 9 8],[3 3 3 3]
148.7274169921875,148.736572265625,[3 6 3 4],[2 9 4 3]
160.3179931640625,160.3271484375,[3 3 7 9],[9 0 9 3]
132.2113037109375,132.220458984375,[3 9 9 3],[9 3 2 4]
81.536865234375,81.5460205078125,[7 4 8 6],[2 3 3 9]
31.5948486328125,31.60400390625,[3 3 7 2],[9 9 9 9]
91.7449951171875,91.754150390625,[5 2 5 7],[9 3 9 6]
133.04443359375,133.0535888671875,[9 3 9 3],[6 9 3 9]
168.9971923828125,169.00634765625,[3 0 8 9],[9 2 3 3]
84.04541015625,84.0545654296875,[3 7 9 3],[4 2 3 4]
60.7269287109375,60.736083984375,[9 3 3 0],[2 9 9 2]
87.0574951171875,87.066650390625,[0 9 6 3],[5 5 1 4]
154.6783447265625,154.6875,[3 9 3 5],[9 3 2 9]
129.656982421875,129.6661376953125,[3 0 7 4],[0 9 6 3]
84.375,84.3841552734375,[1 7 3 7],[4 2 0 2]
52.3406982421875,52.349853515625,[8 4 4 4],[3 3 8 3]
110.2935791015625,110.302734375,[3 7 7 2],[9 3 3 7]
81.8939208984375,81.903076171875,[6 0 4 8],[9 2 3 3]
169.88525390625,169.8944091796875,[3 5 9 2],[9 9 2 5]
82.9376220703125,82.94677734375,[3 8 7 3],[4 3 9 9]
80.1727294921875,80.181884765625,[9 8 1 6],[2 3 4 3]
83.89892578125,83.9080810546875,[1 1 8 3],[3 4 3 9]
112.2528076171875,112.261962890625,[8 9 3 5],[3 6 2 9]
60.040283203125,60.0494384765625,[9 7 4 5],[2 2 3 2]
166.094970703125,166.1041259765625,[3 0 9 1],[9 3 3 4]
169.921875,169.9310302734375,[9 5 2 8],[6 8 9 5]
110.26611328125,110.2752685546875,[9 9 5 5],[2 5 9 9]
83.660888671875,83.6700439453125,[1 3 6 3],[4 9 0 9]
85.986328125,85.9954833984375,[7 6 1 1],[3 0 4 3]
81.3262939453125,81.33544921875,[8 3 0 3],[5 4 2 9]
109.16748046875,109.1766357421875,[6 1 2 9],[9 4 9 3]
164.75830078125,164.7674560546875,[9 3 3 8],[3 0 9 3]
90.0604248046875,90.069580078125,[4 7 9 5],[8 2 6 2]
70.367431640625,70.3765869140625,[1 0 5 5],[3 3 9 9]
83.642578125,83.6517333984375,[1 8 3 8],[4 3 9 3]
106.768798828125,106.7779541015625,[7 3 8 1],[6 9 3 4]
85.87646484375,85.8856201171875,[7 0 3 1],[2 2 9 3]
114.971923828125,114.9810791015625,[0 8 4 3],[2 3 8 9]
74.37744140625,74.3865966796875,[8 4 4 9],[5 3 3 2]
124.32861328125,124.3377685546875,[9 4 5 8],[2 5 9 3]
108.80126953125,108.8104248046875,[3 6 8 7],[4 1 3 2]
106.3934326171875,106.402587890625,[8 9 2 3],[3 2 5 4]
106.0455322265625,106.0546875,[3 2 7 6],[9 3 2 9]
108.2977294921875,108.306884765625,[1 2 6 3],[3 3 9 0]
57.7972412109375,57.806396484375,[7 0 0 0],[6 4 3 5]
110.1837158203125,110.19287109375,[7 8 3 2],[2 3 0 5]
60.7086181640625,60.7177734375,[0 9 6 8],[3 2 3 3]
132.7972412109375,132.806396484375,[3 8 2 4],[4 3 3 3]
83.184814453125,83.1939697265625,[4 6 4 3],[5 9 8 2]
84.136962890625,84.1461181640625,[1 6 8 3],[9 9 3 2]
183.416748046875,183.4259033203125,[1 8 9 3],[4 5 3 9]
64.617919921875,64.6270751953125,[5 5 8 0],[9 2 3 3]
88.73291015625,88.7420654296875,[4 1 2 3],[8 9 5 9]
62.2100830078125,62.21923828125,[6 6 5 3],[9 9 9 4]
84.8968505859375,84.906005859375,[2 9 4 4],[9 3 8 3]
77.7923583984375,77.801513671875,[3 9 8 1],[4 3 3 4]
162.286376953125,162.2955322265625,[6 1 3 9],[9 4 9 6]
60.260009765625,60.2691650390625,[9 0 4 8],[2 3 3 3]
79.39453125,79.4036865234375,[8 2 6 6],[3 9 0 9]
83.60595703125,83.6151123046875,[7 5 8 3],[2 9 3 9]
140.460205078125,140.4693603515625,[8 1 4 0],[5 4 8 9]
89.080810546875,89.0899658203125,[3 3 0 2],[9 9 3 7]
55.9295654296875,55.938720703125,[1 1 8 4],[3 4 3 3]
81.427001953125,81.4361572265625,[8 2 6 8],[4 5 9 3]
124.530029296875,124.5391845703125,[3 7 6 0],[0 3 9 4]
57.8521728515625,57.861328125,[7 4 4 7],[2 5 3 6]
92.90771484375,92.9168701171875,[0 0 3 5],[4 9 9 8]
99.8199462890625,99.8291015625,[1 3 3 9],[4 0 2 3]
143.8751220703125,143.88427734375,[3 9 3 3],[9 3 9 2]
100.2685546875,100.2777099609375,[8 4 6 3],[5 8 9 0]
79.8614501953125,79.87060546875,[0 9 9 9],[9 2 3 3]
87.066650390625,87.0758056640625,[8 8 2 5],[3 3 5 9]
132.8338623046875,132.843017578125,[3 2 8 3],[4 3 3 2]
84.539794921875,84.5489501953125,[0 9 3 1],[3 2 2 3]
104.77294921875,104.7821044921875,[2 8 3 6],[5 3 9 3]
116.7388916015625,116.748046875,[0 8 2 5],[4 3 9 8]
98.9227294921875,98.931884765625,[8 4 5 3],[5 8 9 9]
88.5223388671875,88.531494140625,[4 0 4 5],[3 2 3 9]
63.8763427734375,63.885498046875,[5 3 5 3],[9 0 2 9]
89.4927978515625,89.501953125,[2 3 1 7],[5 9 4 9]
83.1024169921875,83.111572265625,[3 1 7 6],[9 4 6 9]
190.2191162109375,190.228271484375,[8 3 5 4],[4 2 8 5]
59.893798828125,59.9029541015625,[6 8 5 8],[9 3 9 4]
164.68505859375,164.6942138671875,[2 3 3 0],[0 0 4 3]
48.52294921875,48.5321044921875,[8 9 8 9],[5 2 3 2]
81.1981201171875,81.207275390625,[8 3 8 7],[3 0 3 2]
133.7677001953125,133.77685546875,[8 2 3 9],[3 9 9 3]
60.5255126953125,60.53466796875,[4 5 7 3],[3 9 9 9]
82.1868896484375,82.196044921875,[4 6 6 0],[8 9 9 3]
79.6600341796875,79.669189453125,[3 6 1 3],[0 3 4 4]
77.6641845703125,77.67333984375,[1 6 0 8],[4 0 4 3]
89.208984375,89.2181396484375,[2 1 3 1],[5 4 4 3]
112.17041015625,112.1795654296875,[7 1 9 0],[3 4 6 2]
79.3487548828125,79.35791015625,[8 2 4 2],[3 5 8 9]
65.130615234375,65.1397705078125,[9 1 2 2],[3 3 9 9]
75.8056640625,75.8148193359375,[9 9 9 6],[3 2 2 9]
30.6427001953125,30.65185546875,[9 0 8 8],[3 3 3 3]
142.950439453125,142.9595947265625,[4 2 3 5],[3 5 2 9]
155.474853515625,155.4840087890625,[0 4 3 3],[3 3 0 9]
84.41162109375,84.4207763671875,[2 8 3 1],[5 3 4 4]
162.5885009765625,162.59765625,[1 3 3 0],[4 4 0 3]
147.83935546875,147.8485107421875,[8 9 3 9],[3 2 9 3]
138.02490234375,138.0340576171875,[1 3 7 4],[4 0 2 3]
80.38330078125,80.3924560546875,[3 4 3 6],[9 3 2 9]
73.6175537109375,73.626708984375,[3 3 9 9],[0 2 3 5]
85.0982666015625,85.107421875,[1 9 6 9],[4 2 1 2]
205.133056640625,205.1422119140625,[3 7 1 0],[0 2 4 3]
79.9163818359375,79.925537109375,[9 9 8 6],[3 2 3 9]
50.6744384765625,50.68359375,[3 8 6 8],[9 5 9 3]
86.8927001953125,86.90185546875,[9 7 5 8],[2 2 9 3]
81.0516357421875,81.060791015625,[9 7 6 7],[3 2 9 2]
77.069091796875,77.0782470703125,[9 8 1 0],[2 3 4 4]
90.0054931640625,90.0146484375,[1 5 9 8],[4 8 3 3]
84.320068359375,84.3292236328125,[1 4 3 8],[3 3 9 3]
108.4442138671875,108.453369140625,[1 8 4 3],[4 3 3 2]
105.6793212890625,105.6884765625,[4 0 3 6],[3 4 9 9]
127.1484375,127.1575927734375,[7 8 4 3],[2 3 8 9]
59.8114013671875,59.820556640625,[0 1 1 8],[4 4 3 3]
78.0303955078125,78.03955078125,[9 2 0 2],[3 3 9 9]
128.759765625,128.7689208984375,[9 3 4 8],[3 4 3 3]
92.0745849609375,92.083740234375,[5 3 3 0],[9 2 9 5]
92.2943115234375,92.303466796875,[8 4 2 3],[3 8 9 9]
83.4869384765625,83.49609375,[3 2 4 3],[9 9 3 0]
162.396240234375,162.4053955078125,[3 9 0 9],[0 3 3 2]
153.4515380859375,153.460693359375,[9 1 3 4],[2 4 9 3]
85.4095458984375,85.418701171875,[9 2 0 6],[5 5 3 9]
90.7562255859375,90.765380859375,[5 4 3 1],[2 8 9 9]
135.1226806640625,135.1318359375,[6 9 7 0],[9 2 6 3]
84.283447265625,84.2926025390625,[3 3 7 4],[9 0 9 3]
81.317138671875,81.3262939453125,[1 9 2 1],[4 2 3 3]
105.5694580078125,105.57861328125,[9 3 8 5],[3 4 3 9]
87.6617431640625,87.6708984375,[0 0 3 4],[5 3 9 5]
85.51025390625,85.5194091796875,[3 4 4 9],[2 8 3 6]
80.7952880859375,80.804443359375,[9 8 6 7],[2 3 0 3]
108.544921875,108.5540771484375,[1 2 9 0],[9 5 3 9]
88.14697265625,88.1561279296875,[0 4 5 5],[2 3 9 9]
84.48486328125,84.4940185546875,[7 9 8 3],[3 2 5 2]
103.45458984375,103.4637451171875,[9 3 4 3],[6 0 3 9]
56.0760498046875,56.085205078125,[6 3 6 3],[0 4 9 0]
83.917236328125,83.9263916015625,[5 8 9 6],[2 4 2 3]
108.3343505859375,108.343505859375,[9 3 3 2],[2 9 9 7]
81.7657470703125,81.77490234375,[8 4 3 4],[3 3 9 3]
168.475341796875,168.4844970703125,[3 9 7 2],[2 5 9 3]
69.140625,69.1497802734375,[1 6 5 5],[3 3 9 9]
56.964111328125,56.9732666015625,[6 7 0 6],[3 2 2 9]
110.5865478515625,110.595703125,[3 5 3 9],[9 9 9 5]
81.4910888671875,81.500244140625,[3 6 2 8],[9 9 7 3]
78.3233642578125,78.33251953125,[9 6 0 6],[3 9 2 9]
143.73779296875,143.7469482421875,[7 5 9 2],[9 2 5 5]
105.908203125,105.9173583984375,[2 7 9 8],[9 3 6 5]
95.5078125,95.5169677734375,[3 3 7 8],[2 4 6 3]
117.6910400390625,117.7001953125,[2 9 2 9],[9 2 9 3]
86.883544921875,86.8927001953125,[1 9 2 0],[3 6 5 3]
91.07666015625,91.0858154296875,[0 3 3 7],[4 9 2 9]
80.3009033203125,80.31005859375,[3 9 4 8],[2 3 3 3]
158.7249755859375,158.734130859375,[9 8 7 2],[2 4 2 9]
59.4268798828125,59.43603515625,[0 2 4 2],[3 5 3 0]
56.5887451171875,56.597900390625,[5 8 9 5],[9 3 3 9]
56.06689453125,56.0760498046875,[9 9 3 9],[6 2 4 3]
178.60107421875,178.6102294921875,[9 2 8 3],[3 7 3 9]
110.04638671875,110.0555419921875,[2 9 6 9],[9 5 9 3]
56.085205078125,56.0943603515625,[8 1 9 8],[3 4 3 3]
88.4857177734375,88.494873046875,[1 3 7 9],[4 2 9 2]
128.1097412109375,128.118896484375,[4 3 0 2],[8 2 9 0]
121.4996337890625,121.5087890625,[1 0 3 4],[3 4 4 8]
106.93359375,106.9427490234375,[5 5 9 9],[9 9 2 5]
104.91943359375,104.9285888671875,[5 3 3 9],[2 4 0 3]
115.155029296875,115.1641845703125,[6 9 3 5],[3 3 0 9]
138.0889892578125,138.09814453125,[3 3 4 9],[9 9 3 3]
59.0423583984375,59.051513671875,[0 4 5 9],[2 3 2 3]
96.05712890625,96.0662841796875,[4 3 3 8],[8 9 9 3]
144.342041015625,144.3511962890625,[2 0 4 7],[0 2 8 2]
138.3087158203125,138.31787109375,[0 7 9 3],[9 9 3 2]
87.56103515625,87.5701904296875,[7 1 2 6],[3 9 0 9]
83.9813232421875,83.990478515625,[4 5 5 6],[3 2 9 9]
56.9549560546875,56.964111328125,[4 9 4 9],[8 5 8 6]
131.2225341796875,131.231689453125,[8 9 2 6],[4 2 5 9]
137.4847412109375,137.493896484375,[1 0 3 2],[4 5 2 0]
168.5211181640625,168.5302734375,[4 0 5 3],[8 3 8 0]
64.7552490234375,64.764404296875,[7 2 3 5],[2 9 9 9]
127.130126953125,127.1392822265625,[2 5 3 1],[7 8 2 4]
118.10302734375,118.1121826171875,[3 1 7 8],[9 3 2 4]
80.7586669921875,80.767822265625,[4 9 1 4],[3 2 4 3]
114.459228515625,114.4683837890625,[4 2 3 9],[8 7 0 3]
84.393310546875,84.4024658203125,[9 1 4 9],[3 3 8 2]
94.22607421875,94.2352294921875,[7 2 5 5],[3 5 9 9]
107.1258544921875,107.135009765625,[0 3 8 6],[3 2 3 9]
64.7369384765625,64.74609375,[7 0 5 8],[3 3 9 3]
115.081787109375,115.0909423828125,[3 3 7 4],[2 0 3 3]
79.5318603515625,79.541015625,[9 7 1 6],[3 9 9 9]
155.1727294921875,155.181884765625,[8 6 8 9],[3 9 3 6]
90.2801513671875,90.289306640625,[9 9 5 3],[3 5 8 2]
60.97412109375,60.9832763671875,[1 3 2 2],[9 9 3 9]
88.8427734375,88.8519287109375,[7 2 2 1],[3 3 9 4]
112.5091552734375,112.518310546875,[8 7 5 3],[3 3 2 0]
115.0543212890625,115.0634765625,[6 9 1 5],[1 2 3 9]
92.8619384765625,92.87109375,[1 8 1 5],[9 4 4 8]
84.320068359375,84.3292236328125,[9 6 2 2],[5 1 3 3]
115.228271484375,115.2374267578125,[3 1 2 3],[9 3 7 2]
81.8115234375,81.8206787109375,[4 7 9 4],[8 2 3 5]
58.428955078125,58.4381103515625,[0 0 3 0],[3 2 4 2]
104.84619140625,104.8553466796875,[6 3 8 7],[0 9 3 2]
74.542236328125,74.5513916015625,[9 8 8 3],[2 3 3 0]
103.7841796875,103.7933349609375,[8 2 3 7],[3 3 4 6]
111.6851806640625,111.6943359375,[6 7 9 4],[1 2 5 3]
94.720458984375,94.7296142578125,[8 3 2 5],[3 2 9 9]
111.3189697265625,111.328125,[3 4 9 0],[9 8 5 2]
109.3963623046875,109.405517578125,[9 4 2 1],[3 8 0 4]
82.965087890625,82.9742431640625,[3 3 2 2],[9 2 9 5]
143.4906005859375,143.499755859375,[8 9 3 3],[3 3 9 9]
82.5531005859375,82.562255859375,[3 8 6 1],[9 3 9 4]
95.4254150390625,95.4345703125,[2 5 3 1],[0 8 0 3]
115.6494140625,115.6585693359375,[8 0 3 5],[3 3 9 2]
59.14306640625,59.1522216796875,[1 3 1 3],[4 0 4 9]
56.4056396484375,56.414794921875,[7 8 6 9],[3 3 9 3]
119.476318359375,119.4854736328125,[2 0 3 4],[5 3 9 8]
57.3211669921875,57.330322265625,[9 9 1 2],[5 3 3 3]
132.0098876953125,132.01904296875,[4 6 3 7],[8 3 4 2]
163.531494140625,163.5406494140625,[0 9 3 2],[3 5 0 5]
61.944580078125,61.9537353515625,[1 5 4 8],[3 9 3 3]
127.7618408203125,127.77099609375,[3 8 0 9],[9 4 3 6]
138.134765625,138.1439208984375,[3 2 5 2],[0 5 2 9]
137.054443359375,137.0635986328125,[9 8 3 4],[2 3 9 8]
87.2589111328125,87.26806640625,[4 4 0 3],[3 8 9 2]
78.863525390625,78.8726806640625,[0 6 6 3],[9 3 9 4]
66.815185546875,66.8243408203125,[5 7 5 3],[9 2 9 2]
87.0208740234375,87.030029296875,[0 1 6 4],[3 3 9 8]
51.2603759765625,51.26953125,[9 4 4 4],[3 5 8 3]
93.475341796875,93.4844970703125,[9 9 0 5],[3 5 5 8]
109.039306640625,109.0484619140625,[7 9 3 2],[6 3 0 5]
83.624267578125,83.6334228515625,[8 7 0 1],[3 2 2 4]
94.8760986328125,94.88525390625,[1 5 7 4],[9 2 3 3]
92.999267578125,93.0084228515625,[2 5 0 4],[3 2 4 3]
122.8179931640625,122.8271484375,[5 4 6 9],[9 8 0 6]
80.7586669921875,80.767822265625,[3 2 9 1],[0 0 3 4]
84.9517822265625,84.9609375,[3 3 5 8],[2 9 2 5]
172.7508544921875,172.760009765625,[2 0 9 5],[0 2 3 9]
89.8040771484375,89.813232421875,[1 0 8 2],[4 3 3 5]
79.3121337890625,79.3212890625,[1 8 7 1],[4 5 6 4]
83.0108642578125,83.02001953125,[3 8 1 0],[9 4 4 2]
80.8135986328125,80.82275390625,[8 3 9 4],[5 0 2 5]
77.2430419921875,77.252197265625,[3 8 8 0],[9 5 3 3]
107.6934814453125,107.70263671875,[1 4 3 7],[9 3 0 3]
85.6201171875,85.6292724609375,[8 4 7 0],[3 3 2 9]
109.918212890625,109.9273681640625,[4 1 9 9],[8 9 6 5]
60.8642578125,60.8734130859375,[6 6 9 1],[9 3 3 3]
88.3941650390625,88.4033203125,[5 6 1 6],[2 9 4 9]
136.9354248046875,136.944580078125,[3 9 6 5],[0 3 9 9]
115.1092529296875,115.118408203125,[7 3 4 6],[3 0 5 1]
92.8985595703125,92.90771484375,[7 5 5 1],[2 2 9 4]
79.2022705078125,79.21142578125,[1 9 6 8],[4 3 9 3]
82.452392578125,82.4615478515625,[6 9 0 8],[9 2 3 3]
135.38818359375,135.3973388671875,[0 3 8 2],[5 2 3 3]
56.982421875,56.9915771484375,[3 0 3 3],[2 9 0 9]
90.7379150390625,90.7470703125,[5 2 0 5],[2 9 3 9]
191.4093017578125,191.41845703125,[9 0 5 3],[2 3 9 0]
157.086181640625,157.0953369140625,[9 1 1 3],[3 4 4 9]
193.6431884765625,193.65234375,[3 9 4 1],[9 3 8 4]
78.0487060546875,78.057861328125,[9 3 8 9],[3 0 3 2]
82.2601318359375,82.269287109375,[2 3 0 9],[5 9 5 6]
87.4603271484375,87.469482421875,[9 8 7 5],[2 3 3 9]
82.635498046875,82.6446533203125,[1 9 2 9],[4 3 5 2]
118.212890625,118.2220458984375,[3 5 9 0],[2 9 3 3]
75.6134033203125,75.62255859375,[9 9 8 2],[3 2 3 5]
80.621337890625,80.6304931640625,[1 8 8 4],[4 3 3 5]
81.7840576171875,81.793212890625,[0 5 4 3],[3 2 3 2]
105.0933837890625,105.1025390625,[4 3 1 6],[3 9 4 9]
76.6387939453125,76.64794921875,[8 9 8 5],[3 2 3 9]
92.0013427734375,92.010498046875,[2 0 0 3],[7 4 2 2]
50.6744384765625,50.68359375,[9 9 9 4],[3 2 3 3]
78.314208984375,78.3233642578125,[2 5 7 3],[9 2 9 2]
87.286376953125,87.2955322265625,[3 8 2 2],[9 4 9 5]
109.552001953125,109.5611572265625,[8 5 0 3],[3 9 2 4]
167.02880859375,167.0379638671875,[3 9 9 0],[9 3 2 5]
76.1260986328125,76.13525390625,[0 4 3 1],[3 3 9 9]
81.9122314453125,81.92138671875,[4 9 2 2],[3 5 3 0]
81.500244140625,81.5093994140625,[9 1 6 8],[5 4 3 3]
121.6278076171875,121.636962890625,[8 3 9 4],[3 9 2 3]
85.711669921875,85.7208251953125,[2 8 5 6],[3 4 9 9]
95.47119140625,95.4803466796875,[0 7 0 5],[2 2 5 9]
87.1307373046875,87.139892578125,[2 3 1 0],[3 4 4 5]
99.9114990234375,99.920654296875,[1 3 3 8],[4 0 9 3]
